HDB, HDFC Bank, 89%, Fairly Valued, Financial Services, NO
TAK, did not find data for this stock
INFY, NA
IBN, ICICI Bank, 100%, UNK, Financial Services, NO
AAPL, NA
WIT, NA
MSFT, NA
AMZN, NA
GOOG, NA
GOOGL, NA
AMAG, NA
RDY, NA
FB, Facebook, 84%, Fairly Valued, Communication Services, NO
TSLA, NA
USV, NA
BABA, Alibaba, 96%, Modestly Undervalued, Consumer Cyclical, NO
TTM, NA
VEDL, NA
BRK.A, NA
BRK.B, NA
V, NA
TSM, NA
JNJ, NA
WMT, NA
JPM, NA
AMJ, NA
MA, NA
PG, NA
SPY, NA
UNH, NA
DIS, NA
NVDA, NA
HD, NA
PYPL, NA
TM, NA
ABEV, NA
VZ, NA
ADBE, NA
CMCSA, Comcast, 75%, Modestly Overvalued, Communication Services, NO
NFLX, NA
KO, NA
IVV, NA
NVS, NA
PDD, NA
MRK, NA
PEP, NA
T, NA
TBB, NA
TBC, NA
PFE, NA
INTC, NA
ASML, NA
CRM, NA
ABT, NA
ORCL, NA
ABBV, AbbVie, 70%, Fairly Valued, Healthcare, NO
CSCO, Cisco, 50%, Fairly Valued, Technology, NO
TMO, Thermo Fisher Scientific, 81%, Significantly Overvalued, Healthcare, NO
AVGO, NA
NKE, NA
XOM, NA
ACN, Accenture, 64%, Significantly Overvalued, Technology, NO
QCOM, NA
TMUS, NA
CVX, NA
LLY, NA
GMAB, NA
SAP, SAP, 62%, Fairly Valued, Technology, NO
MCD, NA
VTI, NA
DHR, NA
MDT, NA
UL, NA
QQQ, NA
BHP, BHP Billiton, 67%, Fairly Valued, Basic Materials, NO
BBL, BHP Billiton, 67%, Modestly Overvalued, sector, NO
NEE, NA
TXN, Texas Instruments, 39%, Significantly Overvalued, Technology, NO
HON, Honeywell, 68%, Significantly Overvalued, Industrials, NO
UNP, Union Pacific, 68%, Significantly Overvalued, Industrials, NO
BMY, NA
LIN, NA
SHOP, NA
LFC, China Life Insurance, 69%, Fairly Valued, Financial Services, NO
RDS.A, NA
RDS.B, NA
JD, NA
AMGN, NA
CHTR, NA
AZN, NA
PM, NA
C, NA
SNE, Sony, 92%, Significantly Overvalued, Technology, NO
NVO, NA
SBUX, NA
WFC, NA
RIO, NA
MS, NA
SNY, NA
UPS, UPS, 50%, Modestly Overvalued, Industrials, NO
BUD, NA
LOW, did not find data for this stock
CHL, NA
RY, NA
IBM, IBM, 27%, Fairly Valued, Technology, NO
TOT, NA
AMD, NA
BLK, NA
RTX, NA
PTR, PetroChina, rating, Possible Value Trap Think Twice, Energy, NO
NOW, NA
HSBC, NA
INTU, NA
TD, TD Bank, rating, Fairly Valued, Financial Services, NO
SE, NA
MMM, 3M, 16%, Fairly Valued, Industrials, NO
AMT, NA
SCHW, NA
LMT, Lockheed, 61%, Modestly Undervalued, Industrials, NO
CAT, Caterpillar, 46%, Significantly Overvalued, Industrials, NO
SQ, NA
AXP, American Express, 38%, Modestly Undervalued, Financial Services, NO
ZM, NA
EL, NA
ISRG, NA
GE, GE, 63%, Significantly Overvalued, Industrials, NO
GEC, NA
DEO, NA
GSK, NA
SYK, NA
GS, NA
CVS, CVS, 75%, Fairly Valued, Healthcare, NO
VALE, Vale, 95%, Modestly Overvalued, Basic Materials, NO
TGT, NA
ABNB, NA
FIS, NA
BTI, British American Tobacco, rating, Possible Value Trap Think Twice, Consumer Defensive, NO
DE, Deere, 64%, Significantly Overvalued, Industrials, NO
MU, Micron Technology, 76%, Significantly Overvalued, Technology, NO
MDLZ, NA
MELI, NA
TJX, NA
ANTM, NA
SUZ, NA
SNOW, NA
SPGI, S&P Global, 69%, Modestly Overvalued, Financial Services, NO
AMAT, Applied Materials, 76%, Significantly Overvalued, Technology, NO
ZTS, NA
CNI, Canadian National Railway, 29%, Modestly Overvalued, Industrials, NO
BX, NA
CHEP, NA
NIO, NA
FISV, NA
MO, NA
ADP, NA
VWO, NA
CI, NA
SNAP, NA
BIDU, Baidu, 72%, Significantly Overvalued, Communication Services, NO
PLD, NA
CL, NA
GILD, NA
BDX, NA
BDXB, NA
BEKE, NA
NTCO, NA
PBR, NA
PBR.A, NA
ATVI, NA
GLD, NA
USB, NA
AGG, NA
CB, NA
CSX, CSX, 56%, Significantly Overvalued, Industrials, NO
BP, NA
SNP, China Petroleum & ChemicalSinopec, rating, Modestly Undervalued, Energy, NO
FDX, NA
CCI, NA
LRCX, Lam Research, 87%, Significantly Overvalued, Technology, NO
IWF, NA
DUK, NA
DUKB, NA
DUKH, NA
ADSK, NA
SHW, NA
NTES, NA
EFA, NA
EFV, NA
BNS, NA
CME, NA
SO, NA
SOJB, NA
SOJC, NA
SOJD, NA
SOJE, NA
ICE, NA
TFC, NA
ENB, NA
ENBA, NA
ITW, Illinois Tool Works, 13%, Significantly Overvalued, Industrials, NO
GPN, NA
VUG, NA
EQIX, NA
PNC, NA
BAM, NA
ECL, NA
VRTX, NA
D, NA
ABB, NA
APD, NA
NSC, NA
MUFG, NA
GM, NA
CP, NA
MMC, Marsh & McLennan, 42%, Modestly Overvalued, Financial Services, NO
IJH, NA
VMW, NA
SPOT, NA
TEAM, NA
PGR, NA
WDAY, NA
EBR, NA
EBR.B, NA
EW, NA
ITUB, Itau Unibanco, 54%, Fairly Valued, Financial Services, NO
HCA, HCA Healthcare, 74%, Modestly Overvalued, Healthcare, NO
IWM, NA
VTV, NA
DELL, NA
WBK, Westpac, rating, Modestly Undervalued, Financial Services, NO
ADI, NA
MCO, Moody's, 53%, Modestly Overvalued, Financial Services, NO
CEPU, NA
TWLO, NA
HUM, NA
ILMN, NA
EQNR, NA
SAN, NA
DD, NA
IJR, NA
REGN, NA
DG, NA
BSX, Boston Scientific, 81%, Fairly Valued, Healthcare, NO
HMC, Honda, 88%, Modestly Overvalued, Consumer Cyclical, NO
NOC, NA
SCCO, NA
WM, NA
PHG, Royal Philips, 75%, Modestly Overvalued, Healthcare, NO
AMX, NA
AMOV, NA
BMLP, NA
BMO, NA
BNKD, NA
BNKU, NA
FNGD, NA
FNGO, NA
FNGS, NA
FNGU, NA
FNGZ, NA
GNAF, NA
MJJ, NA
MJO, NA
NRGD, NA
NRGU, NA
MNST, NA
PUK, NA
AON, NA
NEM, NA
EMR, Emerson, 32%, Modestly Overvalued, Industrials, NO
ETN, NA
RELX, NA
CRWD, NA
VIG, NA
KMB, NA
LVS, NA
LULU, NA
COF, NA
ROP, Roper Technologies, 43%, Modestly Overvalued, Industrials, NO
KDP, NA
NXPI, NA
PTON, NA
VOD, Vodafone, 80%, Modestly Undervalued, Communication Services, NO
CTSH, NA
ROST, NA
RACE, NA
TWTR, NA
MAR, NA
EPD, Enterprise Products, 92%, Modestly Undervalued, Energy, NO
COP, NA
GD, failed to do this stock but will do next
IDXX, NA
KHC, NA
STZ.B, NA
STZ, NA
MET, NA
SMFG, Sumitomo Mitsui Financial, 85%, Possible Value Trap Think Twice, Financial Services, NO
ROKU, NA
ALGN, Align Technology, 53%, Significantly Overvalued, Healthcare, NO
IWD, NA
EA, EA, 68%, Modestly Overvalued, Communication Services, NO
NGG, NA
U, NA
DOCU, NA
MRNA, NA
AEP, NA
AEPPL, NA
AEPPZ, NA
EXC, NA
DOW, NA
CVNA, NA
PLTR, NA
BAX, NA
CEO, NA
PINS, NA
GOLD, NA
TRI, NA
PSA, NA
MTCH, NA
KLAC, KLA, 42%, Significantly Overvalued, Technology, NO
RKT, NA
TEL, NA
SIM, NA
LHX, NA
SNPS, NA
APH, Amphenol, 56%, Modestly Overvalued, Technology, NO
DLR, NA
CMG, NA
BCE, NA
TRP, NA
CM, Canadian Imperial, rating, Fairly Valued, Financial Services, NO
CDNS, NA
SYY, NA
FCX, NA
LQD, did not find data for this stock
BIIB, NA
TTD, NA
BK, NA
XLK, NA
E, NA
CTAS, NA
CHWY, NA
BF.B, NA
BF.A, Brown-Forman, 6%, Significantly Overvalued, sector, NO
MSCI, NA
ING, ING Group, 70%, UNK, Financial Services, NO
SRE, NA
ERIC, NA
QSR, Restaurant Brands International, 71%, Modestly Undervalued, Consumer Cyclical, NO
CSGP, NA
A, NA
MCHP, NA
GIS, NA
INFO, NA
VGT, NA
TRV, NA
DXCM, NA
APTV, NA
PH, Parker-Hannifin, 71%, Significantly Overvalued, Industrials, NO
XEL, NA
TT, NA
NTR, NA
PANW, NA
CNC, NA
LYG, NA
ATMP, NA
BAL, NA
BCM, NA
BCS, NA
CAPE, NA
COW, NA
DFVL, NA
DFVS, NA
DJP, NA
GAZ, NA
GBUG, NA
GRN, NA
GSP, NA
IMLP, NA
JJA, NA
JJC, NA
JJE, NA
JJG, NA
JJM, NA
JJN, NA
JJP, NA
JJS, NA
JJT, NA
JJU, NA
JO, NA
LD, NA
NIB, NA
OIL, NA
PGM, NA
RODI, NA
SBUG, NA
SGG, NA
VXX, NA
XVZ, NA
EBAY, eBay, 37%, Fairly Valued, Consumer Cyclical, NO
EBAYL, NA
GDS, NA
KKR, KKR & Co, 76%, Significantly Overvalued, Financial Services, NO
LU, NA
MFC, NA
WBA, NA
IQV, NA
F, NA
TROW, T. Rowe Price, 35%, Modestly Overvalued, Financial Services, NO
ALXN, Alexion Pharmaceuticals, 61%, Fairly Valued, Healthcare, NO
PPG, PPG, 54%, Significantly Overvalued, Basic Materials, NO
VO, NA
RNG, NA
XPEV, NA
STM, NA
VRSK, NA
JCI, NA
TDG, NA
CMI, NA
PAYX, Paychex, 10%, Modestly Overvalued, Industrials, NO
ALL, NA
VFC, NA
CRH, CRH, 67%, Fairly Valued, Basic Materials, NO
BBVA, NA
OKTA, NA
ORLY, NA
YUM, Yum!, 33%, Modestly Overvalued, Consumer Cyclical, NO
CARR, NA
BSBR, NA
EEM, NA
AIG, NA
MFG, Mizuho Financial, 15%, Modestly Undervalued, Financial Services, NO
TME, NA
IAU, NA
ZBH, NA
VB, NA
MRVL, Marvell, 75%, Significantly Overvalued, Technology, NO
HPQ, HP, 29%, Fairly Valued, Technology, NO
EDU, NA
SGEN, NA
ORAN, NA
RPRX, NA
SBAC, NA
CS, NA
ANSS, NA
AFL, Aflac, 18%, Modestly Undervalued, Financial Services, NO
KMI, NA
PFH, NA
PRS, NA
PRU, NA
HLT, NA
RMD, NA
RSG, NA
LYB, LyondellBasell, 39%, Modestly Overvalued, Basic Materials, NO
Z, NA
ZG, NA
PSX, NA
BLL, NA
FNV, NA
SLB, NA
CPRT, NA
DDOG, NA
CHT, NA
PCAR, NA
ITOT, NA
BILI, NA
ES, NA
PEG, NA
ALC, NA
OTIS, NA
ROK, NA
EOG, NA
WEC, NA
TDOC, NA
CTVA, NA
MSI, NA
SWK, Stanley Black & Decker, 68%, Modestly Overvalued, Industrials, NO
TAL, NA
CNQ, NA
LBRDA, NA
LBRDK, NA
ADM, Archer Daniels Midland, 62%, Modestly Overvalued, Consumer Defensive, NO
FAST, NA
SPG, Simon Property Group, 47%, Possible Value Trap Think Twice, Real Estate, NO
MCK, McKesson, 68%, Fairly Valued, Healthcare, NO
AME, NA
AWK, NA
DFS, NA
NWG, NA
LUV, NA
GLW, NA
SPLK, NA
WLTW, NA
MTD, NA
SIRI, NA
AZO, NA
WELL, Welltower, 35%, Fairly Valued, Real Estate, NO
WCN, NA
MPC, NA
ZS, NA
EC, Ecopetrol, 55%, Significantly Overvalued, Energy, NO
PAYC, NA
IWB, NA
IBKR, NA
SLF, NA
STNE, NA
CAJ, NA
LI, NA
BBY, NA
FWONA, NA
FWONK, NA
LSXMK, Liberty Media, 71%, Modestly Undervalued, Communication Services, NO
STT, NA
DAL, NA
SU, NA
FRC, NA
MKC, NA
MKC.V, NA
CLX, NA
TU, NA
DLTR, NA
SWKS, NA
XLF, NA
HRL, NA
DHI, D. R. Horton, 63%, Fairly Valued, Consumer Cyclical, NO
WY, NA
DIA, NA
RYAAY, NA
PCG, NA
ED, NA
VRSN, VeriSign, rating, Fairly Valued, Technology, NO
IWR, NA
IWC, NA
FMS, Fresenius Medical Care, 55%, Modestly Undervalued, Healthcare, NO
KEYS, NA
YNDX, NA
COUP, NA
FMX, NA
WORK, NA
WMB, NA
ZTO, NA
KR, NA
FTS, NA
FTNT, NA
CERN, NA
ARE, NA
YUMC, Yum China, 82%, Significantly Overvalued, Consumer Cyclical, NO
TTWO, NA
FTV, NA
AJG, NA
EIX, NA
MXIM, NA
RCI, NA
DTB, NA
DTE, NA
DTJ, NA
DTW, NA
DTY, NA
BGNE, NA
EFX, NA
MT, NA
MTCN, NA
NET, NA
BBD, NA
BBDO, NA
LEN, Lennar, 63%, Modestly Overvalued, Consumer Cyclical, NO
LEN.B, LEN.B, rating, Modestly Overvalued, sector, NO
TLK, NA
PTI, NA
VLO, NA
VIAC, NA
VIACA, NA
AMP, NA
ODFL, Old Dominion Freight Line, 25%, Significantly Overvalued, Industrials, NO
GRMN, NA
CCL, NA
CUK, NA
FLT, FleetCor, 59%, Modestly Overvalued, Technology, NO
FCAU, NA
MPLX, NA
DB, NA
CCEP, NA
HSY, NA
W, NA
CHA, NA
ETSY, NA
AVB, AvalonBay, 37%, Fairly Valued, Real Estate, NO
IGSB, NA
XP, NA
ENPH, NA
TIP, NA
NOK, NA
EQR, NA
ANET, NA
GWW, NA
MDY, NA
O, NA
NDAQ, NA
PKX, NA
FTCH, NA
PPL, NA
CHD, NA
MKTX, NA
MDB, NA
APO, NA
BKR, NA
TEF, NA
K, NA
XLV, NA
MGA, NA
ATUS, NA
EXAS, NA
CBRE, CBRE Group, 63%, Modestly Overvalued, Real Estate, NO
WST, NA
UMC, NA
ICL, NA
BIP, NA
ZBRA, NA
IX, ORIX, 36%, Modestly Undervalued, Financial Services, NO
SYF, NA
SIVB, NA
SIVBP, NA
EPAM, NA
TCOM, NA
ETR, NA
ABC, NA
TER, Teradyne, 41%, Significantly Overvalued, Technology, NO
LH, LabCorp, 88%, Fairly Valued, Healthcare, NO
VMC, NA
SDY, NA
SHY, NA
FITB, NA
FITBI, NA
FITBO, NA
FITBP, NA
BNTX, NA
IP, International Paper, 21%, Modestly Overvalued, Consumer Cyclical, NO
PFF, NA
NTRSO, NA
NTRS, Northern Trust, 22%, Modestly Undervalued, Financial Services, NO
WMG, NA
AEE, NA
VV, NA
ROL, NA
TFX, NA
INCY, NA
VIPS, NA
IR, NA
XLY, NA
TSN, NA
QRVO, NA
TLT, NA
TRU, NA
CDW, CDW, 64%, Modestly Overvalued, Technology, NO
ZI, NA
WPM, NA
EXPE, NA
PXD, NA
HOLX, NA
PAGS, NA
HYG, NA
CHKP, NA
SSNC, NA
AMCR, NA
VTR, NA
XYL, NA
SNN, NA
DKNG, NA
DOV, NA
HUBS, NA
GIB, NA
CCC, NA
COO, NA
SKM, SK Telecom, 100%, Fairly Valued, Communication Services, NO
NICE, NA
CAG, NA
BR, Broadridge, 25%, Modestly Overvalued, Technology, NO
MLM, NA
NVCR, NA
TYL, NA
HGH, NA
HIG, NA
UI, NA
CMS, NA
CMSA, NA
CMSC, NA
CMSD, NA
IVE, NA
BIO, Bio-Rad Laboratories, rating, Significantly Overvalued, Healthcare, NO
BIO.B, NA
CHU, China Unicom, 81%, Possible Value Trap Think Twice, Communication Services, NO
CNHI, NA
FOX, NA
FOXA, NA
BURL, NA
NMR, NA
CTLT, NA
AEM, NA
AKAM, NA
CQP, Cheniere Energy, 17%, Fairly Valued, Energy, NO
OKE, Oneok, 29%, Significantly Overvalued, Energy, NO
DISH, NA
PODD, NA
WDC, NA
RCL, NA
URI, NA
HEI, NA
HEI.A, NA
HAL, NA
TRMB, NA
ZEN, NA
ET, NA
INVH, NA
FE, NA
PBA, Pembina, 82%, Modestly Undervalued, Energy, NO
MPWR, NA
KB, Kookmin Bank, 100%, Significantly Overvalued, Financial Services, NO
LOGI, Logitech, 46%, Significantly Overvalued, Technology, NO
TSCO, Tractor Supply, 40%, Modestly Overvalued, Consumer Cyclical, NO
SEDG, NA
EWJ, NA
MTB, NA
AVTR, NA
PEAK, NA
HES, NA
ULTA, NA
STE, NA
IAC, NA
HZNP, Horizon Therapeutics, 91%, Significantly Overvalued, Healthcare, NO
OXY, NA
EXPD, NA
PKI, PerkinElmer, 36%, Modestly Overvalued, Healthcare, NO
DGX, Quest Diagnostics, 71%, Fairly Valued, Healthcare, NO
NUE, Nucor, 33%, Modestly Overvalued, Basic Materials, NO
KEY, NA
CTXS, NA
VAR, NA
STX, Seagate Technology, 31%, Modestly Overvalued, Technology, NO
TIF, NA
LYV, NA
BMRN, NA
GDRX, NA
KEP, NA
CDAY, NA
CAH, Cardinal Health, 35%, Fairly Valued, Healthcare, NO
ALB, NA
AES, NA
LYFT, NA
MGM, MGM Resorts, 21%, Significantly Overvalued, Consumer Cyclical, NO
DRI, NA
RF, NA
ESS, NA
CZR, NA
KMX, CarMax, 80%, Fairly Valued, Consumer Cyclical, NO
WAT, Waters, 0%, Fairly Valued, Healthcare, NO
KL, NA
HPE, NA
SHG, Shinhan Financial Group, 73%, Fairly Valued, Financial Services, NO
CFG, NA
TXG, NA
CE, Celanese, 61%, Significantly Overvalued, Basic Materials, NO
NVR, NVR, rating, Fairly Valued, Consumer Cyclical, NO
VBR, NA
LNG, Cheniere Energy, 86%, Modestly Undervalued, Energy, NO
AFK, NA
BIZD, NA
BJK, NA
BRF, NA
CBON, NA
EGPT, NA
EMAG, NA
EVX, NA
FLTR, NA
GDX, NA
GDXJ, NA
GLCN, NA
GLIN, NA
HAP, NA
IDX, NA
MLN, NA
MOO, NA
MORT, NA
NLR, NA
RSX, NA
RSXJ, NA
SLX, NA
SMB, NA
SMOG, NA
VNM, NA
XMPT, NA
DPZ, NA
VIV, NA
ALNY, NA
IEX, NA
BEP, NA
PLUG, NA
EXR, NA
LDOS, Leidos, 86%, Modestly Overvalued, Technology, NO
POOL, NA
SUI, NA
FMC, FMC, 86%, Modestly Overvalued, Basic Materials, NO
VGK, NA
FICO, NA
DRE, NA
IEF, NA
NTAP, NA
MASI, NA
OSH, NA
SLV, NA
BXP, Boston Properties, 58%, Modestly Undervalued, Real Estate, NO
ABMD, NA
CPB, NA
ACGL, NA
ACGLO, NA
ACGLP, NA
DVY, NA
HTHT, NA
XLP, NA
MAA, NA
GPC, NA
ELAN, NA
ELAT, NA
TDY, NA
JBHT, J.B. Hunt, 33%, Fairly Valued, Industrials, NO
CVAC, NA
MAS, NA
IT, NA
GNRC, NA
MKL, NA
TW, NA
GRFS, NA
J, NA
AGR, NA
CINF, NA
CGNX, NA
GDDY, NA
IMO, NA
PTC, NA
AVLR, NA
WAB, Westinghouse, 58%, Modestly Overvalued, Industrials, NO
WIX, NA
BKI, NA
LBTYA, NA
LBTYB, NA
LBTYK, NA
RUN, NA
IQ, NA
VICI, NA
PFG, NA
EMN, Eastman Chemical, 57%, Significantly Overvalued, Basic Materials, NO
DISCA, NA
DISCB, NA
DISCK, NA
CCK, NA
BPY, NA
BPYPN, NA
BPYPO, NA
BPYPP, NA
BRO, NA
ON, NA
SRPT, NA
CABO, NA
PENN, NA
OMC, Omnicom, 21%, Fairly Valued, Communication Services, NO
ALLY, NA
AI, NA
WPP, NA
SJM, NA
JHX, NA
DVA, DaVita, 23%, Modestly Overvalued, Healthcare, NO
RJF, Raymond James, 36%, Fairly Valued, Financial Services, NO
PKG, NA
VBK, NA
BAP, NA
IWO, NA
ENTG, NA
AVY, NA
HBAN, Huntington Bank, 35%, Modestly Overvalued, Financial Services, NO
HBANN, NA
HBANO, NA
GH, NA
LNT, NA
HAS, Hasbro, 76%, Fairly Valued, Consumer Cyclical, NO
ESTC, NA
CHRW, NA
ASX, NA
UAL, NA
FDS, NA
MOH, NA
BEN, Franklin Resources, 0%, Modestly Undervalued, Financial Services, NO
EVRG, NA
NUAN, NA
ENIA, Enel Americas, rating, Modestly Undervalued, Utilities, NO
AQN, NA
AQNA, NA
AQNB, NA
CRL, NA
OTEX, NA
WPC, NA
HWM, NA
L, NA
JKHY, NA
ZNH, NA
GSX, NA
NLOK, NA
TECH, NA
DT, NA
XLI, NA
SAM, NA
WYNN, NA
IWV, NA
ARES, NA
GGG, NA
IWS, NA
GFL, NA
QGEN, NA
ATO, NA
BAH, Booz Allen Hamilton, 50%, Modestly Overvalued, Industrials, NO
MYOK, NA
PPD, NA
IPGP, NA
ZLAB, NA
FBHS, Fortune Brands Home & Security, 35%, Modestly Overvalued, Consumer Cyclical, NO
IHG, NA
ATHM, NA
WRB, W. R. Berkley, 18%, Modestly Overvalued, Financial Services, NO
NLY, NA
RPM, NA
CNP, NA
IEP, NA
CGC, NA
CREE, NA
MPW, NA
NDSN, NA
IFF, International Flavors & Fragrances, 47%, Modestly Undervalued, Basic Materials, NO
CHGG, NA
WTRG, NA
UHS, Universal Health Services, 56%, Fairly Valued, Healthcare, NO
PHM, NA
ELS, NA
LW, NA
SBSW, Sibanye-Stillwater, 75%, Modestly Overvalued, Basic Materials, NO
FIVN, NA
FNF, Fidelity National Financial, 83%, Modestly Overvalued, Financial Services, NO
VHT, NA
ARGX, NA
CXO, NA
WRK, NA
XRAY, NA
EQH, NA
APPN, NA
ERIE, NA
UDR, NA
WHR, NA
MTN, NA
IGIB, NA
CG, NA
SMG, Scotts Miracle-Gro, 43%, Significantly Overvalued, Basic Materials, NO
BILL, NA
TXT, NA
MRTX, NA
BSY, NA
CRSP, NA
XPO, NA
FFIV, NA
OLED, NA
GWRE, NA
PEGA, NA
XLU, NA
LKQ, NA
ALLE, Allegion, 0%, Modestly Overvalued, Industrials, NO
WISH, NA
LUMN, Lumen Technologies, 13%, Modestly Undervalued, Communication Services, NO
AAP, NA
ABCL, NA
ZNGA, NA
NWS, NA
NWSA, NA
TEVA, NA
CNA, NA
DNB, NA
IUSG, NA
LII, Lennox, 12%, Modestly Overvalued, Industrials, NO
FSLR, NA
BFAM, NA
WLK, Westlake Chemical, 32%, Significantly Overvalued, Basic Materials, NO
IBB, NA
RGEN, NA
LB, NA
HST, NA
BCH, NA
ICLR, ICON plc, 44%, Modestly Overvalued, Healthcare, NO
JNK, NA
TTC, NA
PLAN, NA
VXF, NA
CBOE, NA
DNLI, NA
MHK, NA
BEPC, NA
IWN, NA
PWR, NA
GL, NA
MORN, NA
FSLY, NA
CEA, NA
TAP, Molson Coors Beverage, 37%, Modestly Undervalued, Consumer Defensive, NO
TAP.A, NA
DLB, NA
FIVE, NA
ARMK, NA
GLPI, NA
CPT, NA
LNC, NA
TREX, NA
CIB, Bancolombia, 14%, Fairly Valued, Financial Services, NO
TECK, NA
FND, NA
AMED, NA
VST, NA
LEA, NA
HSIC, Henry Schein, 35%, Fairly Valued, Healthcare, NO
AAL, NA
KC, NA
MMP, Magellan Midstream, 91%, Modestly Undervalued, Energy, NO
AMH, NA
BWA, NA
TS, NA
AU, NA
RE, NA
DAR, Darling Ingredients, 67%, Significantly Overvalued, Consumer Defensive, NO
NFE, NA
HNP, NA
DOX, NA
WB, Weibo, 45%, Modestly Undervalued, Communication Services, NO
SNA, Snap-On, 33%, Modestly Overvalued, sector, NO
KGC, Kinross Gold, 71%, Significantly Overvalued, Basic Materials, NO
JAZZ, NA
DBX, NA
IPG, Interpublic Group, 38%, Significantly Overvalued, Communication Services, NO
NRG, NA
LSPD, NA
BG, NA
RH, NA
RARE, NA
SJR, NA
WU, Western Union, 14%, Modestly Overvalued, Financial Services, NO
FLEX, NA
NWL, NA
PNW, NA
WEX, NA
NBIX, NA
BSAC, Banco Santander-Chile, 43%, Possible Value Trap Think Twice, Financial Services, NO
MBT, Mobile Telesystems, 71%, Fairly Valued, Communication Services, NO
STOR, NA
UHAL, NA
RP, NA
ATR, NA
MLCO, NA
PNR, NA
AZPN, NA
ASND, NA
CONE, did not find data for this stock
NI, NA
ZEAL, NA
CD, NA
WSO, NA
WSO.B, NA
IAA, NA
BBIO, NA
MOS, NA
ACH, NA
Y, NA
TPR, NA
NYT, NA
GLOB, NA
DADA, NA
HUBB, NA
AGNCP, NA
AGNC, NA
AGNCM, NA
AGNCN, NA
AGNCO, NA
ACAD, NA
CHE, NA
NTRA, NA
IRM, NA
SCI, NA
SMAR, NA
RNR, NA
AEG, NA
AEB, NA
LAMR, Lamar Advertising, 0%, Modestly Overvalued, Real Estate, NO
IPHI, NA
CSL, NA
GNTX, NA
ACI, NA
SEIC, NA
ST, NA
MKSI, NA
BRKR, NA
CF, CF Industries, 50%, Fairly Valued, Basic Materials, NO
LPLA, NA
ATH, NA
SID, Companhia Siderurgica Nacional, 40%, Significantly Overvalued, Basic Materials, NO
VER, NA
OHI, NA
EHC, NA
IVW, NA
OC, NA
GFI, NA
CIEN, NA
AYX, NA
ADPT, NA
MNSO, NA
DECK, NA
PRAH, PRA Health Sciences, 33%, Modestly Overvalued, Healthcare, NO
ALV, NA
NCLH, NA
IVZ, NA
AIZ, NA
AIZP, NA
LEVI, NA
EWZ, NA
FATE, NA
IONS, NA
CX, NA
ARWR, NA
IIVI, NA
IIVIP, NA
RGA, RGA, 50%, Modestly Undervalued, Financial Services, NO
RZA, NA
RZB, NA
PFPT, NA
BYND, NA
G, Genpact, 70%, Fairly Valued, Technology, NO
WSM, Williams-Sonoma, 26%, Significantly Overvalued, Consumer Cyclical, NO
EV, NA
AAXN, NA
CMA, NA
LAD, NA
STLD, NA
REG, NA
AGCO, NA
XLRN, NA
CBSH, NA
IWP, NA
OCFT, NA
CHDN, NA
COLD, NA
FANG, NA
BL, NA
RS, NA
WWD, NA
OZON, NA
IUSV, failed to do this stock but will do next
SHC, NA
JLL, NA
AFG, NA
AFGB, NA
AFGC, NA
AFGD, NA
AFGE, NA
RBA, NA
VFH, NA
FSV, NA
RL, NA
EEFT, NA
QDEL, NA
GPS, NA
GGB, Gerdau, 58%, Significantly Overvalued, Basic Materials, NO
H, NA
ACM, NA
BERY, NA
BTG, NA
KOD, NA
NLSN, NA
MRVI, NA
VOYA, NA
AOS, A.O. Smith, 42%, Modestly Overvalued, Industrials, NO
CVE, NA
JNPR, Juniper Networks, 22%, Modestly Undervalued, Technology, NO
DOOO, NA
NVTA, NA
BHC, NA
CAE, NA
USFD, did not find data for this stock
ARW, Arrow Electronics, 9%, Modestly Overvalued, Technology, NO
ALLK, NA
UGI, UgiUGI, rating, Fairly Valued, Utilities, NO
UA, NA
UAA, NA
PAAS, NA
SBNY, NA
BBU, NA
EWBC, NA
MIDD, Middleby, 57%, Modestly Overvalued, Industrials, NO
LITE, NA
VNO, NA
ARCC, Ares Capital, 93%, Possible Value Trap Think Twice, Financial Services, NO
AFC, NA
ZION, NA
ZIONO, NA
ZIONL, NA
ZIONP, NA
ZIONN, NA
RHI, Robert Half, 21%, Modestly Overvalued, Industrials, NO
NNN, NA
SEE, NA
KNX, NA
NVAX, NA
LINX, NA
TGTX, NA
MCFE, NA
SYNH, Syneos Health, 67%, Significantly Overvalued, Healthcare, NO
FHN, NA
DCI, NA
RDFN, NA
SITE, NA
RGLD, NA
CALT, NA
SPYG, NA
LMND, NA
LECO, NA
PSO, NA
HII, Huntington Ingalls, 43%, Significantly Undervalued, Industrials, NO
GRUB, NA
FVRR, NA
IRTC, NA
QTWO, NA
IOVA, NA
TWST, NA
SC, NA
TIMB, TIM S.A., rating, Significantly Overvalued, Communication Services, NO
LHCG, NA
TMX, NA
AXTA, NA
PLNT, NA
NCNO, NA
MANH, NA
PVH, NA
OEF, NA
POST, NA
ITT, NA
CASY, Casey's General Stores, 55%, Significantly Overvalued, Consumer Defensive, NO
BLDP, NA
ANGI, NA
WF, NA
XLE, NA
CUBE, NA
DXC, NA
HRC, NA
KIM, Kimco Realty, 37%, Fairly Valued, Real Estate, NO
COG, NA
YY, JOYY Inc. American Depositary Shares, 96%, Fairly Valued, Communication Services, NO
OMF, NA
FRT, Federal Realty Investment Trust, 63%, Modestly Undervalued, Real Estate, NO
GMED, NA
ALK, NA
NTNX, NA
PB, NA
REXR, NA
ADT, NA
XBI, NA
OGE, NA
JBL, NA
PFGC, NA
PEN, NA
SRCL, NA
CPRI, NA
HLF, NA
CDK, NA
REYN, NA
CACI, CACI, 79%, Fairly Valued, Technology, NO
JEF, NA
PAC, Grupo Aeroportuario del Pacific, 38%, Modestly Overvalued, Industrials, NO
CYBR, NA
BPMC, Blueprint Medicines, 87%, Possible Value Trap Think Twice, Healthcare, NO
LSCC, NA
EXEL, NA
TTEK, Tetra Tech, 67%, Significantly Overvalued, Industrials, NO
EWY, NA
LFUS, NA
FUTU, NA
APPF, NA
PSTG, NA
SFIX, NA
CWEN, NA
CWEN.A, NA
PRF, NA
AN, Autonation, 30%, Significantly Overvalued, Consumer Cyclical, NO
VRT, NA
TFII, NA
CACC, Credit Acceptance, 0%, Significantly Undervalued, Financial Services, NO
PRGO, NA
BLD, NA
MAT, NA
DVN, NA
WAL, NA
WALA, NA
TRGP, NA
LPL, did not find data for this stock
FOUR, NA
PSXP, Phillips 66 Partners, 69%, Possible Value Trap Think Twice, Energy, NO
HAE, NA
HTA, NA
FOLD, NA
CLGX, Corelogic, 8%, Significantly Overvalued, Technology, NO
PHI, NA
PAA, NA
ORI, NA
NEO, NA
BC, NA
SMIN, NA
YETI, NA
NVRO, NA
CLR, NA
AMWL, NA
TNDM, NA
SON, Sonoco, 36%, Fairly Valued, Consumer Cyclical, NO
AZEK, NA
VDC, NA
CHH, NA
AER, NA
SQM, NA
JHG, NA
ACC, NA
PII, NA
SBS, NA
LEG, NA
TPTX, NA
OSK, Oshkosh, 56%, Modestly Overvalued, Industrials, NO
PE, NA
NKLA, NA
AAXJ, NA
TKR, NA
IHI, NA
MSA, NA
CLF, NA
ONEM, NA
COLM, NA
ESLT, NA
HALO, NA
FRPT, NA
NATI, National Instruments, 17%, Fairly Valued, Technology, NO
FAF, First American, 67%, Modestly Undervalued, Financial Services, NO
BLI, NA
WES, Western Midstream Partners, 27%, Modestly Undervalued, Energy, NO
KT, NA
FLIR, NA
BWXT, BWX Technologies, 86%, Fairly Valued, Industrials, NO
FROG, NA
AIV, NA
TX, Ternium, 54%, Significantly Overvalued, Basic Materials, NO
CHNG, NA
DCT, NA
SKX, NA
TCF, TCF Bank, 85%, Fairly Valued, Financial Services, NO
TCFCP, NA
TPL, Texas Pacific Land Trust, rating, Modestly Overvalued, Energy, NO
VAC, NA
HELE, NA
VNT, NA
HOG, NA
FCNCA, NA
FCNCP, NA
SLAB, NA
BZUN, NA
TPX, NA
HESM, Hess Midstream, rating, Possible Value Trap Think Twice, Energy, NO
SSL, NA
SPCE, NA
GIL, NA
HUN, Huntsman, 65%, Modestly Overvalued, Basic Materials, NO
PSTH, NA
WH, NA
SAIC, Science Applications, 100%, Fairly Valued, Technology, NO
SDGR, NA
STWD, NA
PBCT, NA
PBCTP, NA
CFR, NA
ARRY, NA
IART, NA
EGP, NA
AUY, NA
FR, NA
TXRH, NA
TOL, Toll Brothers, 28%, Fairly Valued, Consumer Cyclical, NO
TENB, NA
NVST, NA
PGX, NA
ENIC, NA
COTY, NA
TNET, TriNet, rating, Significantly Overvalued, Industrials, NO
HQY, NA
COR, NA
APA, NA
OLLI, NA
VRM, NA
MPLN, NA
NOV, NA
CCJ, NA
EFG, NA
WSC, NA
MDU, NA
INGR, NA
MRO, NA
GLPG, NA
PRI, Primerica, 67%, Fairly Valued, Financial Services, NO
FEYE, NA
IJT, NA
IRDM, NA
EVBG, NA
SF, Stifel, 57%, Fairly Valued, Financial Services, NO
SFB, NA
VRNS, NA
MAN, NA
LESL, NA
LSTR, NA
THO, NA
EVR, NA
FFIN, NA
BHVN, NA
SSB, NA
BJ, NA
DEI, Douglas Emmett, 40%, Modestly Undervalued, Real Estate, NO
EIDX, NA
VERX, NA
ALRM, NA
HBI, NA
OMCL, NA
INSP, NA
LANC, NA
AL, NA
UGP, NA
ALGM, NA
DKS, NA
MTZ, NA
BRKS, NA
KMPR, NA
EME, NA
APPS, NA
MDLA, NA
RBC, NA
ORA, NA
MEDP, NA
CUZ, Cousins Properties, rating, Modestly Undervalued, Real Estate, NO
ASR, ASUR, 44%, Modestly Overvalued, Industrials, NO
STAG, NA
FXI, NA
TFSL, NA
DSGX, NA
MRCY, NA
JWN, NA
ORCC, NA
WEN, NA
BRX, NA
QRTEA, NA
QRTEB, NA
QRTEP, NA
POWI, NA
NEP, NA
NYCB, NA
PNFP, NA
PNFPP, NA
VIRT, NA
ALSN, NA
ESNT, Essent, 85%, Modestly Undervalued, Financial Services, NO
PACB, NA
SOXX, failed to do this stock but will do next
PHYS, NA
IDA, NA
NCR, NA
SAIL, NA
CW, NA
BOKF, NA
BOKFL, NA
NXST, NA
FLS, Flowserve, 14%, Modestly Undervalued, Industrials, NO
ASH, NA
FLO, NA
BYD, NA
SNV, NA
HASI, NA
PPC, Pilgrim's Pride, 14%, Modestly Undervalued, Consumer Defensive, NO
PAG, NA
LAZ, NA
BLDR, NA
CRUS, NA
SPTM, NA
BE, NA
QLYS, NA
PFSI, NA
RXN, NA
EBS, Emergent BioSolutions, 75%, Modestly Undervalued, Healthcare, NO
BPOP, NA
TKC, NA
BEAM, NA
SAIA, NA
JOBS, NA
AMLP, NA
ASAN, NA
MSM, NA
SWI, NA
RLI, NA
HUYA, NA
SMTC, NA
RPD, NA
CERT, NA
UNM, NA
UNMA, NA
IXN, NA
HLI, NA
TV, NA
SLM, Sallie Mae, 73%, Possible Value Trap Think Twice, Financial Services, NO
SLMBP, NA
EXPO, NA
AMG, NA
MGR, NA
MGRB, NA
SDC, NA
XRX, Xerox, 25%, Fairly Valued, Technology, NO
GPK, NA
CBPO, NA
GSHD, NA
WPX, NA
JBLU, NA
SHI, NA
KNSL, NA
NOMD, did not find data for this stock
VCR, NA
CFX, NA
ESGR, NA
ESGRO, NA
ESGRP, NA
VNET, NA
IMVT, NA
KWR, NA
CR, NA
SAGE, NA
ICUI, NA
MMS, Maximus, 50%, Modestly Undervalued, Industrials, NO
ROLL, NA
ACIW, NA
LPRO, NA
ACHC, NA
ARNA, NA
CIG, NA
CIG.C, NA
RETA, NA
AYI, NA
JCOM, j2 Global, 92%, Fairly Valued, Technology, NO
ENV, NA
MSGS, NA
NOVA, NA
ASGN, ASGN Incorporated, 63%, Modestly Overvalued, Industrials, NO
VRNT, NA
WK, NA
EXPI, NA
SSRM, NA
OSB, NA
FOXF, NA
KBR, NA
CCMP, CMC Materials, rating, Fairly Valued, Technology, NO
GBCI, NA
GOCO, NA
ESI, Element Solutions, 63%, Significantly Overvalued, Basic Materials, NO
NAV, NA
QLD, NA
EDIT, NA
SRC, NA
AGI, NA
SPWR, NA
LOPE, NA
THG, Hanover Insurance, rating, Modestly Undervalued, Financial Services, NO
CLDR, NA
NEU, NA
EWT, NA
MSP, NA
VPL, NA
HHC, NA
APLS, NA
SLG, SL Green Realty, 25%, Possible Value Trap Think Twice, Real Estate, NO
CZZ, Cosan, rating, Significantly Overvalued, Energy, NO
FTDR, NA
CEF, NA
AA, NA
CCXI, NA
ALTR, NA
PINC, NA
VVV, NA
TRUP, NA
NARI, NA
MTG, MGIC, 75%, Modestly Undervalued, Financial Services, NO
AXS, NA
GTLS, NA
EXP, Eagle Materials, 63%, Fairly Valued, Basic Materials, NO
CROX, Crocs, 70%, Significantly Overvalued, Consumer Cyclical, NO
FTI, NA
NEOG, NA
DAVA, NA
FL, NA
UPWK, NA
VPU, NA
THC, NA
NEA, NA
UBSI, NA
CLH, NA
SNX, NA
ADV, NA
IYR, NA
HFC, NA
GOOS, NA
PTCT, NA
LPSN, NA
NOVT, NA
JBGS, NA
NRZ, NA
XLB, NA
SPR, NA
VVNT, NA
HIW, Highwoods Properties, 67%, Modestly Undervalued, Real Estate, NO
MGP, NA
BIGC, NA
CRI, NA
PRLB, NA
SSO, NA
SLGN, NA
WTS, NA
NEWR, NA
CC, NA
OGS, NA
ARD, NA
LPX, did not find data for this stock
FSR, NA
IIPR, NA
SSD, Simpson Manufacturing, rating, Modestly Overvalued, Industrials, NO
CNNE, NA
VIS, NA
AY, NA
HXL, NA
AJRD, NA
PK, NA
HAIN, NA
ARVN, NA
HR, NA
BXMT, NA
VIST, NA
RYN, NA
OZK, NA
SIGI, Selective Insurance Group, 29%, Fairly Valued, Financial Services, NO
TRNO, NA
UNF, UniFirst, rating, Fairly Valued, Industrials, NO
ELP, NA
VICR, NA
QTS, NA
DQ, NA
FCN, NA
SHLX, Shell Midstream, 27%, Modestly Overvalued, Energy, NO
NVT, NA
FIZZ, NA
APAM, Artisan Partners, 71%, Significantly Overvalued, Financial Services, NO
ENSG, Ensign Group, rating, Significantly Overvalued, Healthcare, NO
SGMS, NA
ROOT, NA
SWCH, NA
VLY, Valley National Bancorp, 60%, Modestly Undervalued, Financial Services, NO
VLYPO, NA
VLYPP, NA
WING, NA
WCC, NA
API, NA
TIGO, NA
CDLX, NA
KRNT, NA
RDN, NA
NGHC, National General, rating, Modestly Overvalued, Financial Services, NO
NGHCP, NA
NGHCN, NA
NGHCO, NA
NGHCZ, NA
OLN, NA
PRSP, NA
ITRI, NA
TRIP, NA
PNM, NA
HE, NA
DCP, NA
SAFE, NA
BKH, NA
SPLG, NA
ONEY, NA
WYND, NA
VLDR, NA
CBD, Brasileira De Distribuicao, 91%, Possible Value Trap Think Twice, Consumer Cyclical, NO
SPSC, NA
POR, NA
XEC, NA
RXT, NA
SABR, NA
SABRP, NA
WBS, NA
CRNC, NA
AG, NA
STEP, NA
NFG, NA
MTSI, NA
RLAY, NA
MUSA, Murphy USA, rating, Fairly Valued, Consumer Cyclical, NO
WWE, NA
OVV, NA
BB, NA
SEM, Select Medical, rating, Significantly Overvalued, Healthcare, NO
BCPC, NA
RHP, NA
BAND, NA
VMI, Valmont, rating, Modestly Overvalued, Industrials, NO
USO, NA
LEGN, NA
BAK, NA
AEIS, NA
GTES, NA
DOC, NA
X, NA
GO, NA
IFS, NA
ADC, NA
AVNT, NA
AM, NA
PGNY, NA
SNDR, NA
EYE, NA
DIOD, NA
PSN, NA
COHR, NA
EGHT, NA
CVET, NA
AMKR, Amkor Technology, rating, Significantly Overvalued, Technology, NO
HPP, NA
STAA, NA
PSB, NA
STN, Stantec, 73%, Significantly Overvalued, Industrials, NO
SVMK, NA
MIME, NA
WDFC, NA
GRA, NA
ONEQ, NA
JBT, John Bean Technologies, 44%, Modestly Overvalued, Industrials, NO
BMCH, NA
CELH, NA
WNS, NA
MSTR, NA
GWPH, NA
SBRA, NA
CARG, NA
TREE, NA
MANT, NA
NVG, NA
STMP, NA
FCEL, NA
CDNA, NA
AWI, NA
BCO, NA
SWAV, NA
CNS, Cohen & Steers, rating, Significantly Overvalued, Financial Services, NO
CIGI, NA
ALLO, NA
CIT, NA
SWTX, NA
ENS, Enersys, rating, Modestly Overvalued, Industrials, NO
ADS, NA
WTFC, NA
WTFCM, NA
WTFCP, NA
SEB, NA
SHAK, NA
ABCM, NA
DOYU, NA
MEOH, NA
EQT, NA
STL, NA
VC, NA
M, NA
JAMF, NA
AAON, NA
ETRN, NA
IGT, NA
AVT, NA
SWX, NA
AVIR, NA
HL, NA
MGNI, NA
VIAV, NA
BSMX, Banco Santander, 43%, Possible Value Trap Think Twice, Financial Services, NO
NJR, NA
PD, NA
BRFS, BRF, 50%, Modestly Undervalued, Consumer Defensive, NO
VIR, NA
TTEC, NA
ALXO, NA
SPB, NA
UFPI, UFP Industries, rating, Modestly Overvalued, Basic Materials, NO
TRMD, NA
INSM, NA
GKOS, NA
RMG, NA
FGEN, NA
SLQT, NA
AHCO, NA
KTOS, NA
IJS, NA
IJJ, NA
BVN, NA
HCM, NA
PCH, NA
CBU, NA
AEO, NA
UMPQ, NA
TMHC, Taylor Morrison Home, 75%, Fairly Valued, Consumer Cyclical, NO
SEER, NA
CMD, NA
CRSR, NA
FORM, NA
R, NA
TRTN, Triton, rating, Modestly Overvalued, Industrials, NO
SYNA, NA
IMAB, NA
RCKT, NA
EQC, NA
UMBF, NA
RIDE, NA
SR, NA
CWK, NA
MIC, NA
JMIA, NA
CPA, NA
ADNT, NA
LCII, NA
HMSY, NA
NAD, NA
BIPC, NA
ARNC, NA
DCPH, NA
AB, AllianceBernstein, 63%, Possible Value Trap Think Twice, Financial Services, NO
BHF, NA
BHFAL, NA
BHFAO, NA
BHFAP, NA
AMBA, NA
BMEZ, NA
ALE, NA
LIVN, NA
HOMB, NA
PSM, NA
UNVR, NA
NTLA, NA
BKU, NA
AMN, NA
CNMD, NA
FELE, NA
VG, NA
AQUA, NA
NG, NA
ALKS, NA
CWST, NA
SOGO, NA
MDC, M.D.C. Holdings, 38%, Modestly Overvalued, Consumer Cyclical, NO
CRON, NA
CBRL, NA
PRLD, NA
NGVT, NA
SXT, NA
NSP, Insperity, rating, Modestly Undervalued, Industrials, NO
DNP, NA
MTH, NA
KEX, NA
FOCS, NA
WTM, NA
ALGT, NA
PCI, NA
NHI, National Health Investors, 25%, Modestly Undervalued, Real Estate, NO
CNO, NA
FHB, NA
MMSI, NA
APG, NA
ACIA, NA
BOH, NA
EWC, NA
FNB, NA
MOR, NA
LAUR, NA
TGNA, TEGNA, 71%, Modestly Undervalued, Communication Services, NO
CHX, NA
PS, NA
NKTR, NA
MMYT, NA
EBC, NA
AXSM, NA
CSIQ, NA
REZI, NA
IBP, NA
KBH, NA
AIT, NA
KMT, NA
TRN, NA
GOLF, NA
SBE, NA
TCBI, NA
TCBIL, NA
TCBIP, NA
AGIO, NA
SMPL, NA
FRHC, NA
MC, NA
HI, NA
GDOT, NA
PACW, NA
DAO, NA
PPBI, NA
UPST, NA
SAFM, NA
NWE, NA
NSTG, NA
JJSF, NA
NOAH, NA
LXP, NA
HWC, NA
HWCPZ, NA
SHOO, NA
RRR, NA
AWR, NA
OFC, NA
SUMO, NA
OPCH, NA
GMTA, NA
GATX, NA
HRB, NA
FCFS, NA
MOMO, Momo, 74%, Significantly Undervalued, Communication Services, NO
ROG, NA
SIX, NA
ENR, NA
MCY, NA
NUVA, NA
TWOU, NA
HMY, NA
MTLS, NA
APLE, NA
EXLS, EXL Service, 20%, Modestly Overvalued, Technology, NO
WD, NA
BLUE, NA
FHI, Federated Hermes, 40%, Modestly Undervalued, Financial Services, NO
BXS, BancorpSouth, 20%, Modestly Undervalued, Financial Services, NO
FN, Fabrinet, rating, Modestly Overvalued, Technology, NO
BOX, NA
PDCO, NA
BLKB, did not find data for this stock
EAF, NA
CSOD, NA
BSTZ, NA
BNL, NA
VCYT, NA
MXL, NA
CCOI, NA
EVTC, Evertec, 50%, Modestly Overvalued, Technology, NO
OUT, NA
INOV, NA
DAN, NA
COOP, did not find data for this stock
IGMS, NA
ABG, Asbury Automotive, 25%, Significantly Overvalued, Consumer Cyclical, NO
TARO, NA
DORM, NA
RCM, NA
JKS, NA
PSMT, PriceSmart, rating, Significantly Overvalued, Consumer Defensive, NO
PZZA, NA
NUS, NA
VOX, NA
FSKR, NA
APHA, NA
REGI, Renewable Energy Group, 100%, Significantly Overvalued, Energy, NO
WRI, Weingarten Realty Investors, 40%, Fairly Valued, Real Estate, NO
BECN, NA
TSEM, NA
BFT, NA
AVA, NA
KYMR, NA
LTHM, NA
PMVP, NA
BRC, NA
VSH, NA
BMI, NA
ONB, NA
PVG, NA
NNI, NA
UNIT, NA
MANU, NA
PJT, NA
KRTX, NA
CCU, Compania Cervecerias Unidas, 13%, Significantly Undervalued, Consumer Defensive, NO
WERN, NA
WOR, NA
IBTX, NA
CWT, NA
OR, NA
MOG.B, NA
MOG.A, MOG.A, rating, Modestly Undervalued, sector, NO
ESE, NA
FUL, NA
SCL, NA
GBT, NA
ATCO, NA
NSIT, Insight Enterprises, 83%, Significantly Overvalued, Technology, NO
GHC, NA
ITGR, NA
HGV, NA
COMM, NA
LGIH, NA
EXG, NA
VEON, NA
ACA, NA
OPK, NA
ABCB, Ameris Bank, 100%, Modestly Undervalued, Financial Services, NO
CVBF, NA
USM, NA
UZA, NA
UZB, NA
UZC, NA
UZD, NA
SONO, NA
ISBC, NA
BRP, NA
RVMD, NA
IGM, NA
ASB, NA
CVLT, NA
PCRX, Pacira BioSciences, 77%, Modestly Overvalued, Healthcare, NO
CAR, NA
SSTK, NA
AUB, NA
AUBAP, NA
CCIV, NA
LILAK, NA
ANAT, NA
FIBK, NA
COLB, NA
B, Barnes, 50%, Modestly Overvalued, Industrials, NO
WWW, NA
CATY, NA
EAT, NA
JELD, NA
JW.A, NA
JW.B, NA
ITCI, NA
AEL, NA
IOO, NA
AGO, NA
GT, NA
CBT, NA
HYLN, NA
MSGE, NA
KW, NA
MGEE, NA
YIN, NA
SINA, NA
ABM, NA
CDE, NA
VOC, NA
PRMW, NA
XNCR, NA
ATRC, NA
EQX, NA
URBN, NA
ALVR, NA
MYOV, NA
AZUL, NA
AMRC, NA
JOE, NA
TRQ, Turquoise Hill Resources, rating, Fairly Valued, Basic Materials, NO
NSA, NA
HP, NA
IYH, NA
HTH, Hilltop Holdings, rating, Modestly Undervalued, Financial Services, NO
SEAS, NA
BEAT, NA
MAG, NA
CMC, Commercial Metals, 44%, Fairly Valued, Basic Materials, NO
UCBI, did not find data for this stock
UCBIO, NA
LUNG, NA
PEB, NA
TDC, Teradata, 14%, Possible Value Trap Think Twice, Technology, NO
ADCT, NA
MATX, Matson, rating, Significantly Overvalued, Industrials, NO
FLOW, NA
CSQ, NA
SHO, NA
SPXC, NA
OM, NA
SLYV, NA
EPR, NA
CNX, NA
KOF, Coca-Cola FEMSA, 72%, Fairly Valued, Consumer Defensive, NO
TEX, NA
YELP, NA
UTF, NA
DY, NA
DOOR, NA
INDB, Independent Bank Inc., rating, Modestly Undervalued, Financial Services, NO
YQ, NA
KAR, NA
SPT, NA
GPI, NA
THS, NA
BNR, NA
PHR, NA
CIM, NA
ACCD, NA
SUN, Sunoco, 70%, Modestly Overvalued, Energy, NO
SAVE, NA
WKHS, NA
EPP, NA
EPAY, NA
VNE, NA
LGF.A, NA
LGF.B, NA
SFM, NA
IBOC, NA
GBDC, NA
EWG, NA
MAXR, NA
SBGI, NA
SFNC, NA
KFY, NA
VAW, NA
ROCK, Gibraltar Industries, rating, Significantly Overvalued, Industrials, NO
RLJ, NA
ORPH, did not find data for this stock
HBM, Hudbay Minerals, 63%, Significantly Overvalued, Basic Materials, NO
STRA, NA
GEF, NA
GEF.B, NA
ITA, NA
PING, NA
ONTO, NA
KTB, did not find data for this stock
CLNY, NA
EGO, NA
OIBR.C, OIBR.C, rating, Significantly Overvalued, sector, NO
SLYG, NA
CWH, NA
MED, Medifast, rating, Fairly Valued, Consumer Cyclical, NO
IXJ, NA
NUV, NA
IJK, NA
MAX, NA
SUM, Summit Materials, 75%, Fairly Valued, Basic Materials, NO
NZF, NA
ENBL, NA
CMPR, NA
MDRX, NA
SPEU, NA
FEZ, NA
AKO.B, NA
AKO.A, AKO.A, rating, Modestly Undervalued, sector, NO
PLMR, NA
WSFS, NA
ELY, NA
IRBT, NA
IBA, NA
PLXS, Plexus, 43%, Fairly Valued, Technology, NO
AIN, Albany International, 50%, Fairly Valued, Consumer Cyclical, NO
FLR, NA
BBBY, NA
MCRB, NA
EVOP, NA
OMAB, Grupo Aeroportuario Centro Norte, 61%, Significantly Overvalued, Industrials, NO
FUN, NA
IOSP, NA
RPAY, NA
STOK, NA
RUSHA, NA
RUSHB, NA
VSAT, NA
AUPH, NA
RWR, NA
EPRT, NA
AX, NA
AXO, NA
XPER, NA
SGMO, NA
PRO, NA
GRWG, NA
AVNS, NA
NAC, NA
EWU, NA
RVLV, NA
STTK, NA
TPH, NA
FCPT, NA
GB, NA
VRRM, NA
SFBS, NA
ZYME, NA
SJI, South Jersey Industries, 44%, Modestly Undervalued, Utilities, NO
SHEN, NA
FBC, NA
SILK, NA
MAIN, NA
THRM, NA
ATI, NA
CTRE, CareTrust REIT, 50%, Modestly Overvalued, Real Estate, NO
PRPL, NA
MGLN, NA
AGZD, NA
CEW, NA
CXSE, NA
CYB, NA
DEM, NA
DES, NA
DEW, NA
DFE, NA
DFJ, NA
DGRE, NA
DGRS, NA
DGRW, NA
DGS, NA
DHS, NA
DIM, NA
DLN, NA
DLS, NA
DNL, NA
DOL, NA
DOO, NA
DRW, NA
DTD, NA
DTH, NA
DTN, NA
DWM, NA
DXGE, NA
DXJ, NA
DXJS, NA
EES, NA
ELD, NA
EMCB, NA
EPS, NA
EUDG, NA
EZM, NA
HEDJ, NA
HYZD, NA
IHDG, NA
QSY, NA
RESP, NA
USDU, NA
WTMF, NA
KURA, NA
FWRD, NA
MTX, NA
SPMD, NA
ZNTL, NA
JACK, NA
CERE, NA
PRAX, NA
MD, NA
TCP, TC Pipelines, 73%, Possible Value Trap Think Twice, Energy, NO
TROX, NA
NIU, NA
CMP, NA
AVAV, NA
HCSG, NA
NGM, NA
TAC, NA
SATS, NA
RCII, NA
SANM, Sanmina, rating, Modestly Overvalued, Technology, NO
CADE, NA
FULT, Fulton Financial, 13%, Possible Value Trap Think Twice, Financial Services, NO
FULTP, NA
PBB, NA
PBC, NA
PBY, NA
PSEC, Prospect Capital, rating, UNK, Financial Services, NO
CNK, NA
HRMY, NA
YALA, NA
OSTK, NA
FSK, NA
MDYG, NA
PDCE, NA
PDM, NA
CTB, Cooper Tire & Rubber, rating, Significantly Overvalued, Consumer Cyclical, NO
ARCE, NA
PRGS, NA
VDE, NA
BDN, Brandywine Realty Trust, 22%, Modestly Undervalued, Real Estate, NO
FRME, NA
INFN, NA
SKYW, SkyWest, 100%, Fairly Valued, Industrials, NO
CENT, NA
CENTA, NA
MTOR, Meritor, rating, Significantly Overvalued, Consumer Cyclical, NO
NTCT, NA
STLC, NA
WSBC, NA
WSBCP, NA
FBP, NA
WGO, NA
FTAI, NA
FSS, Federal Signal, rating, Modestly Overvalued, Industrials, NO
YMAB, NA
SWN, NA
MLI, Mueller Industries, rating, Modestly Overvalued, Industrials, NO
NKTX, NA
MLHR, NA
PGRE, NA
RMBS, NA
OMI, NA
TDS, NA
TDA, NA
TDE, NA
TDI, NA
TDJ, NA
AXNX, NA
NVMI, NA
JPS, NA
SJW, NA
INT, NA
KLIC, NA
VIE, NA
PRSC, NA
CRC, NA
WHD, NA
TSE, NA
MWA, NA
CUB, NA
SITC, NA
ATKR, Atkore International, rating, Significantly Overvalued, Industrials, NO
TR, NA
WAFD, Washington Federal, rating, Possible Value Trap Think Twice, Financial Services, NO
AZRE, NA
HUBG, Hub Group, 47%, Modestly Overvalued, Industrials, NO
ACB, NA
GDV, NA
PQG, NA
GSBD, NA
HRI, NA
CSTM, NA
LOB, NA
FSM, NA
HRTX, NA
YEXT, NA
NMIH, NMI Holdings, 85%, Modestly Undervalued, Financial Services, NO
MIK, Michaels, 40%, Modestly Overvalued, Consumer Cyclical, NO
BANF, NA
FIX, NA
MDYV, NA
TWNK, NA
GNW, NA
DOMO, NA
COKE, Coca-Cola Consolidated, rating, Fairly Valued, Consumer Defensive, NO
AMRN, NA
CRVL, NA
SITM, NA
PTY, NA
SVC, NA
RNST, NA
FUBO, NA
PGEN, NA
CPK, NA
TPIC, NA
RVNC, NA
EPC, Edgewell Personal Care, 40%, Fairly Valued, Consumer Defensive, NO
RWX, NA
ADX, Adams Diversified Equity Fund, rating, UNK, Financial Services, NO
BCC, NA
TRIL, NA
OI, O-I Glass, 27%, Modestly Undervalued, Consumer Cyclical, NO
IDCC, InterDigital, rating, Fairly Valued, Communication Services, NO
BDC, NA
WBT, NA
ATSG, NA
ASO, NA
MUR, NA
ETY, NA
FIT, NA
ADUS, NA
HCAT, NA
YPF, NA
DEA, NA
EWA, NA
LZB, NA
CALX, NA
RPAI, NA
SILV, NA
CALM, NA
NAVI, NA
JSM, NA
EHTH, NA
IRWD, Ironwood Pharmaceuticals, 17%, Fairly Valued, Healthcare, NO
MRSN, NA
FMBI, NA
FMBIO, NA
FMBIP, NA
ENLC, NA
BTT, NA
PRAA, PRA Group, 50%, Fairly Valued, Financial Services, NO
EVA, NA
PIPR, NA
IEV, NA
SRNE, NA
VGR, Vector Group, rating, Fairly Valued, Consumer Defensive, NO
BGS, NA
WRE, Washington Real Estate Investment Trust, 17%, Modestly Undervalued, Real Estate, NO
MNRO, NA
MGY, NA
ATGE, NA
MFA, NA
MFO, NA
CSII, NA
SAND, NA
REPL, NA
AMK, NA
CLBK, NA
SKY, NA
PDI, NA
CSWI, NA
UCI, NA
SCPL, NA
ABR, Arbor Realty Trust, rating, Significantly Overvalued, Real Estate, NO
OTTR, NA
IYW, NA
PBH, NA
UFS, NA
TWO, NA
HMN, NA
AAT, NA
CYRX, NA
IAG, NA
EVT, NA
PMT, NA
HYFM, NA
IPOC, NA
CFFN, NA
CVA, NA
TRMK, NA
EGOV, NA
REAL, NA
QFIN, NA
KNTE, NA
XHR, NA
GCP, NA
EWH, NA
MDGL, NA
FFBC, NA
RRC, NA
GTN, NA
GTN.A, NA
MAC, NA
PRK, NA
CMPS, NA
EAR, NA
HLIO, NA
TOWN, Towne Bank, rating, Modestly Undervalued, Financial Services, NO
BLMN, did not find data for this stock
BMA, Banco Macro, 11%, Significantly Overvalued, Financial Services, NO
MNR, NA
HLG, NA
RGNX, NA
GPOR, NA
JKE, NA
SIMO, Silicon Motion, 67%, Fairly Valued, Technology, NO
ITCB, NA
INMD, NA
DSL, NA
KN, NA
CAKE, NA
GGAL, Grupo Financiero Galicia, 0%, Significantly Overvalued, Financial Services, NO
UTG, NA
RCUS, NA
LAC, NA
FLWS, 1-800-Flowers, 86%, Significantly Overvalued, Consumer Cyclical, NO
VCTR, NA
KRON, NA
OSIS, NA
RQI, NA
CSTL, NA
WW, NA
TTGT, NA
ZUO, NA
EB, NA
ENDP, NA
DRNA, NA
HTGC, Hercules Capital, 100%, Modestly Overvalued, Financial Services, NO
HCXY, NA
HCXZ, NA
VRTS, NA
SPNS, NA
DRH, NA
CXP, NA
SMCI, NA
FBK, NA
ALG, Alamo Group, rating, Modestly Overvalued, Industrials, NO
BANR, NA
PNTG, NA
SRRK, NA
NWBI, NA
ATRA, NA
SBCF, NA
KAI, Kadant, rating, Significantly Overvalued, Industrials, NO
USNA, Usana Health Sciences, rating, Modestly Undervalued, Consumer Defensive, NO
SAH, NA
KEN, NA
RVT, NA
FMTX, NA
HKIB, NA
FTOC, NA
MGRC, McGrath RentCorp, rating, Fairly Valued, Industrials, NO
SBTX, NA
CVCO, Cavco, rating, Modestly Undervalued, Consumer Cyclical, NO
QURE, NA
ESRT, NA
COHU, NA
KBE, NA
LGND, NA
AVYA, NA
PATK, NA
AMWD, American Woodmark, rating, Fairly Valued, Consumer Cyclical, NO
BIG, Big Lots, 33%, Fairly Valued, Consumer Defensive, NO
TUP, NA
WDR, Waddell & Reed, 0%, Significantly Overvalued, Financial Services, NO
BDJ, NA
GAB, NA
PAGP, NA
BV, NA
PAYA, NA
NTB, NA
KAMN, NA
ROIC, NA
CPG, NA
NS, NA
PRFT, NA
CATM, NA
TY, NA
ARI, NA
NNDM, NA
KALU, NA
CTY, NA
SA, NA
OCUL, NA
CLNE, NA
BUR, NA
SCS, Steelcase, rating, Fairly Valued, Industrials, NO
LND, NA
NPO, EnPro, rating, Significantly Overvalued, Industrials, NO
VRTU, NA
GLUU, NA
USPH, NA
ODP, NA
BBN, NA
BSIG, NA
GNL, NA
BALY, NA
INSG, NA
ITB, NA
ILPT, NA
ARGO, NA
SLY, NA
RLGY, NA
SASR, NA
HHR, NA
UE, NA
ROAD, NA
JRVR, NA
AAWW, NA
ACMR, NA
INO, NA
CVI, NA
HEP, Holly Energy, 75%, Possible Value Trap Think Twice, Energy, NO
MASS, did not find data for this stock
SVM, NA
TTCF, NA
SYKE, Sykes, rating, Modestly Overvalued, Technology, NO
HTLF, Heartland Financial, rating, Modestly Undervalued, Financial Services, NO
HTLFP, NA
MYGN, NA
WABC, NA
CSGS, CSG Systems, rating, Modestly Undervalued, Technology, NO
NGD, NA
AMRS, NA
AMCX, NA
OFLX, NA
QTRX, NA
TTMI, NA
HNI, NA
SBH, NA
EURN, NA
CYTK, NA
USA, NA
MLAB, NA
MMI, NA
SGRY, NA
AR, NA
HPK, NA
HTLD, NA
FPF, NA
CCS, Century Communities, rating, Modestly Overvalued, Consumer Cyclical, NO
EVV, NA
CBZ, NA
BGCP, BGC Partners, rating, Fairly Valued, Financial Services, NO
SGTX, NA
NK, NA
WPF, NA
TWCT, NA
XOP, NA
BKE, Buckle, rating, Significantly Overvalued, Consumer Cyclical, NO
SG, NA
RTLR, NA
GES, NA
ILF, NA
MEI, Methode Electronics, rating, Modestly Overvalued, Technology, NO
SLP, NA
PLAY, NA
TEO, NA
SIG, NA
CCCC, NA
MRTN, Marten Transport, rating, Modestly Overvalued, Industrials, NO
KROS, NA
XPEL, NA
RIG, NA
PSNL, NA
HSC, NA
ALX, NA
MFGP, NA
MTDR, NA
PFS, NA
NWN, NA
TSLX, NA
VCEL, NA
ETV, NA
ICFI, NA
NBTB, NA
CRS, NA
LNN, NA
CEQP, NA
NYMT, NA
NYMTM, NA
NYMTN, NA
NYMTO, NA
NYMTP, NA
HYT, NA
ETG, NA
DKL, NA
SI, NA
CDXS, NA
DDS, NA
VSTO, NA
BSM, Black Stone Minerals, 44%, Significantly Undervalued, Energy, NO
LKFN, NA
HSKA, NA
BTZ, NA
EVH, NA
CNST, NA
AMRX, NA
TBIO, NA
GHG, NA
TRS, NA
IYG, NA
PAR, NA
EWL, NA
EPAC, NA
UPLD, NA
VCRA, NA
BRMK, NA
HURN, NA
HOPE, NA
SYX, NA
BXMX, NA
EIGI, NA
GOL, NA
VLRS, NA
PUBM, NA
EGBN, NA
PRIM, NA
SUPN, NA
AROC, NA
NXE, NA
CORE, did not find data for this stock
GBIO, NA
USAC, NA
THCB, NA
BCRX, NA
NMRK, NA
RYTM, NA
PHO, NA
GME, NA
UTZ, NA
ASTE, NA
DBC, NA
FORTY, NA
BLFS, NA
DDD, NA
GMS, NA
TNC, Tennant, rating, Modestly Overvalued, Industrials, NO
MTRN, NA
MBUU, NA
STC, Stewart, rating, Modestly Overvalued, Financial Services, NO
WMK, NA
ELF, NA
LASR, NA
NEXA, NA
MGNX, NA
DEN, NA
FFG, NA
RDWR, NA
AAN, NA
AIR, NA
NRIX, NA
BST, NA
NFJ, NA
VBTX, Veritex, rating, Modestly Undervalued, Financial Services, NO
IRT, NA
MHO, M/I Homes, rating, Fairly Valued, Consumer Cyclical, NO
HIMX, NA
ANF, NA
MSEX, NA
FLGT, NA
CODI, NA
UCTT, Ultra Clean, rating, Significantly Overvalued, Technology, NO
RPTX, NA
ERJ, NA
FARO, NA
SWM, Schweitzer-Mauduit, rating, Modestly Overvalued, Basic Materials, NO
QADA, NA
QADB, NA
GRVY, NA
IMGN, NA
INVA, NA
CHRS, Coherus BioSciences, 90%, UNK, Healthcare, NO
BOOT, NA
WIRE, NA
GVA, NA
GPRO, NA
INBX, NA
ALEX, NA
MODN, NA
UIS, NA
CNXN, NA
GTH, NA
AZZ, NA
CRTO, NA
NFH, NA
NTGR, NA
FRO, NA
CVGW, NA
ARQT, NA
AKR, NA
DLX, Deluxe, rating, Significantly Undervalued, Communication Services, NO
CASH, NA
STAR, NA
ECPG, Encore Capital Group, 71%, Modestly Overvalued, Financial Services, NO
FRG, NA
FRGAP, NA
TLND, NA
NXGN, NA
RMR, RMR Group, 14%, Modestly Overvalued, Real Estate, NO
FDEV, NA
TBK, Triumph, 57%, Modestly Overvalued, Financial Services, NO
TBKCP, NA
ORIC, NA
LX, NA
FOE, NA
VSTA, NA
KNSA, NA
PGTI, NA
ALEC, NA
GBX, NA
UVV, NA
EWQ, NA
FREQ, NA
PLUS, ePlus, rating, Fairly Valued, Technology, NO
EVRI, NA
RAVN, NA
SY, NA
NRK, NA
ITOS, NA
DK, NA
KRYS, NA
CLB, NA
GTY, NA
BWMX, NA
LADR, Ladder Capital, 83%, Significantly Overvalued, Real Estate, NO
EBIX, NA
BUSE, Busey Bank, 57%, Modestly Undervalued, Financial Services, NO
ATRI, NA
LBRT, NA
PASG, NA
GRBK, NA
NMZ, NA
CNR, NA
SAFT, NA
CERS, NA
JWS, NA
EH, NA
BDTX, NA
GWB, NA
CLLS, NA
GIII, NA
RIOT, NA
GFF, NA
ECOL, NA
DGNR, NA
AFYA, NA
SSYS, NA
FDP, NA
KPTI, NA
ATEC, NA
RGR, NA
TBPH, NA
JOUT, NA
QNST, NA
BAC, NA
RWL, NA
CLI, NA
FRTA, Forterra, 67%, Significantly Overvalued, Industrials, NO
PRPB, NA
BTAI, NA
SNEX, NA
OCFC, OceanFirst Financial, 63%, Modestly Undervalued, Financial Services, NO
OCFCP, NA
RILY, NA
RILYG, NA
RILYI, NA
RILYL, NA
RILYM, NA
RILYN, NA
RILYO, NA
RILYP, NA
BROG, NA
MTSC, NA
TIGR, NA
MCRI, NA
ICF, NA
PLT, NA
ZGNX, NA
ATHA, NA
BPMP, BP Midstream, 29%, Significantly Undervalued, Energy, NO
AMSF, NA
CTS, NA
OXM, NA
CHCT, NA
PETQ, NA
EPZM, NA
TLRY, NA
FAX, NA
NMFC, NA
NMFCL, NA
MSC, NA
FDMT, NA
CHCO, NA
OPI, Office Properties Income Trust Common Shares of Beneficial Interest, 17%, Fairly Valued, Real Estate, NO
OPINI, NA
OPINL, NA
BIF, NA
GRPN, NA
BCAB, NA
HCC, NA
EFSC, Enterprise Financial Services, rating, Possible Value Trap Think Twice, Financial Services, NO
OPRA, NA
RNP, NA
ARCB, NA
NRC, NA
EOS, Eaton Vance Enhanced Equity Income Fund II, rating, UNK, Financial Services, NO
CRHC, NA
OTRK, NA
OTRKP, NA
HEES, NA
LMNX, NA
GEO, GEO Group, rating, Possible Value Trap Think Twice, Real Estate, NO
AMTI, NA
PBI, NA
SSP, E.W. Scripps, rating, Possible Value Trap Think Twice, Communication Services, NO
IMAX, NA
CANG, NA
ADVM, NA
TMP, NA
ALGS, NA
FCF, First Commonwealth Financial, 14%, Modestly Undervalued, Financial Services, NO
STKL, NA
TCBK, NA
GLNG, NA
GNMK, NA
CHY, NA
MORF, NA
AVO, NA
NVEE, NA
NXRT, NexPoint Residential Trust, 75%, Fairly Valued, Real Estate, NO
FFC, NA
ETW, NA
DRQ, NA
EVER, NA
CLS, Celestica, 18%, Fairly Valued, Technology, NO
PHAT, NA
OEC, NA
ARCO, NA
TCRR, NA
IHF, NA
ATNX, NA
JKD, NA
SRCE, NA
SNDX, NA
QQQX, NA
HQH, NA
SBSI, NA
IIIV, NA
XHB, NA
GSAH, NA
TRHC, NA
NHC, NA
GHLD, NA
CRK, NA
AWF, NA
PACK, NA
CEVA, NA
RDNT, NA
SHYF, NA
MDXG, NA
MYRG, NA
CMRE, NA
CNDT, NA
CGEN, NA
NBHC, NA
TSHA, NA
HOME, NA
HY, NA
DRD, DRDGOLD, rating, Significantly Overvalued, Basic Materials, NO
VITL, NA
MESO, NA
RTP, NA
KREF, NA
TGP, Teekay LNG Partners, 63%, Modestly Undervalued, Energy, NO
SWBI, NA
AMEH, NA
INGN, NA
STRO, NA
CENX, NA
PTEN, NA
BHE, NA
MYI, NA
PTNR, NA
RWT, NA
DHC, NA
DHCNI, NA
DHCNL, NA
JPC, NA
STPK, NA
MDP, NA
EIM, NA
PLOW, NA
TGH, Textainer, rating, Significantly Overvalued, Industrials, NO
STBA, NA
CHAD, NA
CHAU, NA
CURE, NA
DRN, NA
EDC, NA
EDZ, NA
ERY, NA
EURL, NA
FAS, NA
INDL, NA
KORU, NA
LABU, NA
MIDU, NA
NAIL, NA
PILL, NA
QQQE, NA
RUSL, NA
SOXL, NA
SPXL, NA
TECL, NA
TMF, NA
TNA, NA
TYD, NA
TYO, NA
YANG, NA
YINN, NA
ACLS, Axcelis Technologies, 100%, Modestly Overvalued, Technology, NO
CHEF, NA
FOR, NA
FBNC, NA
SIBN, NA
PI, NA
CLNC, NA
PAM, NA
AACQ, NA
CHI, NA
SXI, NA
ORGO, NA
PRA, NA
BRBR, NA
RNA, NA
BTBT, NA
PRVB, NA
AMPH, NA
IESC, NA
ANNX, NA
DYN, NA
CCF, NA
RBBN, NA
KOS, NA
TVTY, NA
INN, NA
DIN, NA
OFG, NA
BRKL, NA
RESI, NA
WLL, NA
MAXN, NA
SVAC, NA
CAMT, NA
IH, NA
KRNY, NA
AXL, NA
ACEL, NA
NBLX, Noble Midstream Partners, 17%, Possible Value Trap Think Twice, Energy, NO
WNW, NA
ZUMZ, Zumiez, 50%, Significantly Overvalued, Consumer Cyclical, NO
DENN, NA
MATW, NA
EIG, NA
AOD, NA
SGH, NA
SKT, NA
NP, NA
SPH, NA
WPRT, NA
CAN, NA
AGT, NA
WOW, NA
KMDA, NA
KFRC, Kforce, 33%, Fairly Valued, Industrials, NO
CMCO, NA
SYBT, NA
TRIT, NA
CRY, NA
GAM, NA
MVC, NA
IHRT, NA
WNC, NA
CIIC, NA
TPRE, Third Point Reinsurance, rating, Modestly Undervalued, Financial Services, NO
SMP, NA
SII, NA
AGYS, NA
AIO, NA
ITMR, NA
HGEN, NA
LNTH, NA
JBSS, NA
AUDC, NA
PML, NA
VET, NA
EWP, NA
UNFI, NA
LGVW, NA
AKRO, NA
DHT, NA
CCX, NA
DESP, NA
HOLI, Hollysys Automation Technologies, 100%, Modestly Undervalued, Industrials, NO
CYH, NA
LL, NA
VERI, NA
KXI, NA
IMOS, NA
UHT, NA
AHH, NA
ENVA, NA
SCHN, NA
ESTA, NA
LRN, did not find data for this stock
OMER, NA
BHK, NA
JKG, NA
GABC, NA
PRDO, NA
KIE, NA
RAD, NA
TCMD, NA
NESR, National Energy Services Reunited, 100%, UNK, Energy, NO
BHLB, NA
VMO, NA
TEN, NA
VECO, NA
BJRI, NA
JQC, NA
GOF, NA
PFC, NA
SCHL, NA
QUOT, NA
GLDD, NA
IYF, NA
TPB, NA
CLM, NA
PBF, NA
DLY, NA
SBLK, NA
VFF, NA
EXTR, NA
GRC, NA
GSKY, NA
ENTA, NA
PAE, NA
CKH, NA
EMD, NA
THQ, Tekla Healthcare Opportunities Fund, rating, UNK, Financial Services, NO
SCU, NA
MSGN, MSG Networks, 14%, Significantly Undervalued, Communication Services, NO
ICHR, Ichor Holdings, 86%, Fairly Valued, Technology, NO
OSPN, NA
GSG, NA
HFWA, NA
TARS, NA
WLKP, Westlake Chemical, 63%, Modestly Overvalued, Basic Materials, NO
CET, NA
HNGR, Hanger, rating, Modestly Overvalued, Healthcare, NO
APOG, NA
ADAP, NA
RDUS, NA
OFIX, NA
FBM, NA
DBD, NA
LC, NA
COWN, Cowen, rating, Fairly Valued, Financial Services, NO
LMAT, NA
PLC, NA
FRSX, NA
GOGO, NA
CRTX, NA
SRI, NA
FINV, NA
TRTX, NA
ICPT, NA
HA, NA
BKD, Brookdale Senior Living, rating, Modestly Undervalued, Healthcare, NO
PHAR, NA
AFIN, NA
AFINP, NA
ANDE, NA
KELYA, NA
KELYB, NA
KIDS, NA
PLRX, NA
VIVO, NA
AGRO, NA
AFIB, NA
IGR, NA
PLYA, NA
PHK, NA
ACCO, ACCO Brands, 67%, Fairly Valued, Industrials, NO
TWND, NA
MGPI, NA
EBON, NA
WETF, NA
FORR, NA
MBIN, Merchants Bank, rating, Possible Value Trap Think Twice, Financial Services, NO
MBINO, NA
MBINP, NA
EXK, NA
PDFS, NA
PRVL, NA
TDF, NA
OII, NA
VNOM, NA
MVIN, NA
MVIS, NA
CNOB, ConnectOne, rating, Possible Value Trap Think Twice, Financial Services, NO
GPRK, NA
BEST, NA
TBBK, NA
PAHC, NA
DNOW, NA
OCSL, NA
AGM.A, did not find data for this stock
AGM, NA
TCX, NA
NIE, AllianzGI Equity & Convertible Income Fund, rating, UNK, Financial Services, NO
CXW, CoreCivic, rating, Possible Value Trap Think Twice, Real Estate, NO
AC, NA
BCSF, NA
RBAC, NA
VTOL, NA
EBSB, NA
ETAC, NA
EWW, NA
STFC, NA
HZO, NA
CBB, NA
WASH, NA
MEG, NA
ICLK, NA
PTGX, NA
GATO, NA
ALTM, NA
CCO, NA
CIR, NA
LDP, NA
CII, NA
MMX, NA
HIBB, NA
MGIC, NA
SPWH, NA
ERII, NA
BCOR, NA
CARS, NA
GEL, NA
LEAP, NA
SFL, NA
OSUR, NA
WIW, NA
IYY, NA
ATEN, NA
MITK, NA
PARR, NA
CARA, NA
PFBC, NA
BOMN, NA
RADI, NA
NWLI, NA
XENT, NA
NKX, NA
FPRX, NA
FHTX, NA
JKH, NA
PUMP, NA
HTD, NA
MYE, NA
KNL, NA
ABST, NA
BFS, Saul Centers, rating, Possible Value Trap Think Twice, Real Estate, NO
SLRC, NA
ODT, NA
BANC, NA
VVI, NA
GIM, NA
HFRO, NA
NEX, NA
IIM, NA
HMST, HomeStreet, 33%, Modestly Undervalued, Financial Services, NO
GOSS, NA
HMI, NA
LOMA, NA
BCOV, NA
GOAC, NA
PLAB, Photronics, rating, Modestly Undervalued, Technology, NO
ONCR, NA
PLCE, NA
MNKD, NA
NX, NA
CRMT, America's Car-Mart, rating, Fairly Valued, Consumer Cyclical, NO
KYN, NA
GLT, NA
CEL, NA
UUUU, NA
ESPR, NA
PFN, NA
DMRC, NA
HLIT, NA
XSD, NA
UEIC, Universal Electronics, rating, Significantly Overvalued, Technology, NO
GAN, NA
VNDA, NA
AXGN, NA
IMTX, NA
VGM, NA
SQZ, NA
ALBO, NA
ECHO, NA
SUSA, NA
KDMN, NA
BOE, NA
NGA, NA
VKQ, NA
ADTN, NA
OAC, NA
AMBC, NA
LE, NA
DMS, NA
WRLD, World Acceptance Corporation, rating, Possible Value Trap Think Twice, Financial Services, NO
GP, NA
AVID, Avid Technology, rating, Significantly Overvalued, Communication Services, NO
SM, NA
CFII, NA
RPT, NA
CDMO, NA
CDMOP, NA
ARR, NA
AWH, NA
AGX, NA
ABTX, NA
GHIV, NA
RPLA, NA
ERF, NA
CLSK, NA
XNTK, NA
HBNC, NA
BPFH, NA
WINA, NA
BFK, NA
SFT, NA
AINV, NA
CLDX, NA
COLL, Collegium Pharmaceutical, 80%, Fairly Valued, Healthcare, NO
HSTM, NA
TGI, NA
PCN, NA
CCD, NA
IQI, NA
VAPO, NA
PDT, NA
WTRE, NA
WTREP, NA
BEDU, Bright Scholar Education, rating, Possible Value Trap Think Twice, Consumer Defensive, NO
OSW, NA
SMTS, NA
GTHX, NA
GRSV, did not find data for this stock
AKUS, NA
HZAC, NA
CLCT, NA
PRTY, NA
NTUS, NA
PSTX, NA
RC, NA
RCA, NA
RCB, NA
RCP, NA
GOOD, NA
GOODM, NA
GOODN, NA
RES, NA
GSBC, NA
VTA, NA
MERC, NA
RBCAA, NA
RMAX, NA
CRIS, NA
MYD, NA
CPAC, NA
BCX, NA
SCSC, NA
TIG, NA
TALO, NA
NCBS, NA
APXT, NA
KDNY, NA
CYD, China Yuchai, rating, Modestly Undervalued, Industrials, NO
VBIV, NA
SP, NA
ATRS, NA
UTL, NA
ATNI, NA
GOGL, NA
TBI, NA
ARCH, NA
ETJ, NA
FBMS, NA
TGS, NA
CTBI, NA
LOCO, NA
IYK, NA
BIT, NA
TPC, NA
ATEX, NA
MGTX, NA
KOP, NA
BBAR, BBVA Argentina, rating, Modestly Overvalued, Financial Services, NO
NFBK, NA
VREX, NA
OBNK, NA
SOL, NA
SOLN, NA
NID, NA
CAPL, CrossAmerica, rating, Modestly Overvalued, Energy, NO
PETS, NA
EFC, NA
NBB, NA
TCPC, BlackRock TCP Capital, 63%, UNK, Financial Services, NO
STNG, Scorpio Tankers, 75%, Possible Value Trap Think Twice, Energy, NO
SBBA, NA
OPT, NA
CMBM, NA
FANH, NA
AMSC, NA
QIWI, NA
ANIK, NA
TRST, TrustCo Bank, rating, Modestly Undervalued, Financial Services, NO
PPR, NA
SLDB, NA
MOD, NA
USLM, NA
LBAI, Lakeland Bank, 100%, Modestly Undervalued, Financial Services, NO
GDYN, NA
BOOM, NA
CAAP, NA
EOI, Eaton Vance Enhanced Equity Income Fund, rating, Modestly Overvalued, Financial Services, NO
DMTK, NA
CRDF, NA
FRLN, NA
CBTX, NA
HONE, NA
REV, NA
VCV, NA
LOVE, NA
AERI, NA
HLX, Helix Energy, 78%, Possible Value Trap Think Twice, Energy, NO
GMRE, NA
DCO, NA
UFCS, NA
KODK, NA
HIO, NA
BLX, Foreign Trade Bank of Latin America, rating, Modestly Undervalued, Financial Services, NO
SOHU, NA
CLW, NA
QCRH, QCR, 100%, Modestly Undervalued, Financial Services, NO
VXRT, NA
SPTN, SpartanNash, 29%, Modestly Undervalued, Consumer Defensive, NO
NPK, NA
MNRL, NA
LPG, did not find data for this stock
FI, NA
BOWX, NA
ISEE, NA
RUTH, NA
BGY, NA
UMH, NA
TILE, NA
ARLO, NA
PCPL, NA
MUC, NA
MTA, NA
RUBY, NA
IVR, NA
NVGS, NA
ONE, NA
CMLF, did not find data for this stock
BMTC, NA
NMCO, NA
VVR, NA
GRAY, NA
YORW, NA
DMYD, NA
EGRX, NA
IMKTA, NA
CDAK, NA
VERU, NA
AGEN, NA
PLSE, NA
AOSL, NA
UVSP, NA
DUO, NA
TLMD, NA
MMD, NA
BBDC, NA
IHC, NA
OACB, NA
AMTB, NA
AMTBB, NA
TREB, NA
BY, Byline Bank, rating, Modestly Undervalued, Financial Services, NO
NXJ, NA
MVF, NA
SRDX, NA
GHY, NA
PRTS, NA
CAL, NA
RIGL, NA
NLTX, NA
IMXI, NA
ANAB, NA
IXC, NA
CURO, NA
CPS, NA
BPYU, NA
BPYUP, NA
IYT, NA
AEGN, NA
ARDX, NA
MTL, NA
ANGO, NA
QEP, NA
GGN, NA
ASAQ, NA
HIX, NA
ORBC, NA
VEC, Vectrus, rating, Modestly Overvalued, Industrials, NO
AVRO, NA
CGBD, NA
COE, NA
RNLX, NA
BXG, NA
CUBB, NA
CUBI, NA
PBFX, PBF Logistics, 57%, Possible Value Trap Think Twice, Energy, NO
HEXO, NA
AVK, NA
YI, NA
THBR, NA
ARLP, NA
MUI, NA
BLW, NA
FLXN, NA
BTO, NA
HSII, NA
CHW, NA
SRG, NA
WIFI, did not find data for this stock
DFIN, Donnelley Financial Solutions, rating, Significantly Overvalued, Financial Services, NO
GLP, Global Partners, rating, Modestly Overvalued, Energy, NO
SPRB, NA
FMBH, First Mid Bancshares, 67%, Fairly Valued, Financial Services, NO
IYJ, NA
CSV, NA
SIGA, NA
CASS, Cass Information Systems, rating, Modestly Undervalued, Industrials, NO
CFB, NA
CURI, NA
CMO, NA
GDEN, NA
ASIX, AdvanSix, rating, Modestly Undervalued, Basic Materials, NO
JPI, NA
PROS, NA
DGII, NA
TG, NA
REVG, NA
GSAT, NA
EVLO, NA
HWKN, NA
DJCO, NA
BGB, NA
DFP, NA
MMU, NA
FF, NA
CAI, NA
ULH, Universal Logistics, rating, Fairly Valued, Industrials, NO
XME, NA
DBI, NA
DIAX, NA
SCVL, NA
GPMT, NA
EVGN, NA
MARA, NA
NLS, NA
HPS, NA
NTST, NA
MRC, NA
UBP, NA
UBA, NA
LQDT, NA
BME, NA
NQP, NA
TMDX, NA
ZIOP, NA
XENE, NA
IFN, NA
CPF, NA
BDSX, NA
OPRT, NA
PEBO, Peoples Bancorp, 29%, Modestly Undervalued, Financial Services, NO
CAC, Camden National, rating, Possible Value Trap Think Twice, Financial Services, NO
MFL, NA
SWIR, NA
RFP, NA
THFF, NA
LDL, NA
DNK, NA
HTBK, NA
RWJ, NA
EVN, NA
MUA, NA
EQD, NA
PID, NA
AMSWA, NA
LEO, NA
SPRO, NA
QTNT, NA
MYN, NA
ALTA, NA
EFT, NA
UROV, NA
CPE, NA
STRL, Sterling Construction, rating, Fairly Valued, Industrials, NO
GEVO, NA
JKF, NA
CHUY, NA
BBSI, Barrett Business Services, rating, Possible Value Trap Think Twice, Industrials, NO
DCOM, NA
DCOMP, NA
RLMD, NA
RYI, NA
PZN, Pzena Investment Management, rating, Fairly Valued, Financial Services, NO
SLCA, NA
TSC, TriState Capital, 67%, Possible Value Trap Think Twice, Financial Services, NO
TSCAP, NA
TSCBP, NA
NCV, NA
THR, NA
EWM, NA
BEEM, NA
CMTL, NA
HPI, NA
FNKO, NA
CASA, NA
MCA, NA
MIRM, NA
AFMD, NA
JHB, NA
PROF, NA
LBC, NA
IDU, NA
EQOS, NA
FIXX, NA
MRUS, NA
FSD, NA
CLDT, NA
PLL, NA
MQY, NA
IGD, NA
NEW, NA
ETH, NA
SOLO, NA
HVT, Haverty Furniture, rating, Significantly Overvalued, Consumer Cyclical, NO
HVT.A, Haverty Furniture, rating, Significantly Overvalued, sector, NO
HCCI, NA
SMMC, NA
VKI, NA
CTRN, NA
WLDN, NA
KNOP, KNOT Offshore, rating, Modestly Undervalued, Industrials, NO
BFC, NA
GTS, NA
PKO, NA
KNDI, NA
AMOT, NA
SPPI, NA
JFR, NA
SYRS, NA
FTHM, NA
GBAB, NA
APLT, NA
GMDA, NA
EAD, NA
FUSE, NA
BLBD, NA
GERN, NA
MPX, NA
ZIXI, NA
LLNW, NA
FUSN, NA
DSU, NA
OXLC, NA
INAQ, NA
DVAX, NA
GBL, NA
OYST, NA
XOMA, NA
RAPT, NA
CAF, NA
ETNB, NA
BCEL, NA
LXRX, NA
CATC, NA
INZY, NA
TCS, NA
SPNE, NA
AQB, NA
NSSC, NA
MX, Magnachip, rating, Significantly Overvalued, Technology, NO
USAS, NA
PPT, NA
NHF, NA
PRTA, NA
CLAR, NA
BDGE, NA
BYSI, NA
THW, Tekla World Healthcare Fund, rating, UNK, Financial Services, NO
HMLP, Hoegh LNG, 57%, Possible Value Trap Think Twice, Energy, NO
IDEX, NA
NBTX, NA
QTT, NA
WSBF, NA
BZH, NA
UVE, NA
PRTH, NA
AKTS, NA
DHIL, NA
HEC, NA
BNGO, NA
EWS, NA
OPRX, NA
MCFT, NA
AVD, NA
GPRE, NA
FFIC, NA
TA, NA
TANNI, NA
TANNL, NA
TANNZ, NA
MTEM, NA
EFR, NA
FSP, NA
HYMC, NA
ALRS, NA
ZYXI, NA
BMRC, Bank of Marin, rating, Modestly Undervalued, Financial Services, NO
AUTL, NA
FBRX, NA
PMO, NA
XRT, NA
BNFT, NA
EBF, NA
CRNX, NA
HQL, NA
CVM, NA
TGB, NA
ECOM, ChannelAdvisor, rating, Significantly Overvalued, Technology, NO
AROW, NA
GLSI, NA
GCI, NA
DPG, NA
FAII, NA
JIH, NA
BTAQ, NA
MTW, NA
LAWS, NA
KTF, did not find data for this stock
XBIT, XBiotech, rating, UNK, Healthcare, NO
INSW, NA
CTT, NA
NPTN, NA
HIFS, Hingham Institution for Savings, rating, Modestly Undervalued, Financial Services, NO
LXFR, NA
OXFD, NA
IPV, NA
APEI, American Public Education, rating, Modestly Undervalued, Consumer Defensive, NO
GCO, NA
CO, NA
FUV, NA
BFZ, NA
IVA, NA
LORL, NA
AWP, NA
ASPN, NA
ITRN, NA
TUFN, NA
FOSL, NA
MWK, NA
FLDM, NA
GUT, NA
CSTE, NA
NAT, NA
MIN, NA
EHI, NA
MBWM, NA
TITN, Titan Machinery, rating, Modestly Overvalued, Industrials, NO
REX, NA
KBAL, NA
MHN, NA
DNN, NA
CRF, NA
PAND, NA
DAC, NA
ERES, NA
DTIL, NA
DEH, NA
TRUE, NA
NAN, NA
RMT, NA
MUJ, NA
ONEW, NA
YAC, NA
ACND, NA
SRLP, Sprague Resources, rating, Significantly Overvalued, Energy, NO
AXU, NA
MRNS, NA
FRA, NA
SSTI, NA
MLR, NA
STK, NA
FIII, NA
AXDX, NA
PGC, NA
HCKT, NA
SNR, NA
MIY, NA
IIIN, Insteel, rating, Fairly Valued, Industrials, NO
VHI, NA
FRPH, NA
NEWT, NA
NEWTL, NA
SLN, NA
ACAM, NA
VPG, Vishay Precision, rating, Fairly Valued, Technology, NO
AMAL, NA
FLIC, NA
VSEC, NA
IYM, NA
RADA, NA
CUTR, NA
NBR, NA
BDSI, NA
CIO, NA
CLVS, NA
RWK, NA
TELL, NA
WTTR, NA
ORTX, did not find data for this stock
ASA, ASA Gold & Precious Metals, rating, UNK, Financial Services, NO
HARP, NA
BFST, NA
ENPC, NA
DRRX, did not find data for this stock
ELLO, Ellomay Capital, rating, Significantly Overvalued, Utilities, NO
THRY, NA
HMHC, NA
FREE, NA
CDEV, NA
HCI, NA
HBT, NA
ZTR, NA
EDD, NA
AENZ, NA
AFB, NA
AEF, NA
HMTV, NA
SFTW, NA
OLP, One Liberty Properties, rating, Modestly Undervalued, Real Estate, NO
RYAM, Rayonier Advanced Materials, rating, Fairly Valued, Basic Materials, NO
GSS, NA
IHE, NA
CCBG, NA
DX, Dynex Capital, rating, UNK, Real Estate, NO
SBR, NA
GLDG, NA
GBLIL, NA
GBLI, NA
VKTX, NA
CCAP, NA
PIAI, NA
JKL, NA
PFLT, PennantPark Floating Rate, 33%, Fairly Valued, Financial Services, NO
PIC, NA
PBYI, NA
DGICA, NA
DGICB, NA
RGP, NA
IDYA, NA
NEV, NA
ATRO, NA
HPF, NA
VRS, Verso, rating, Modestly Overvalued, Basic Materials, NO
FLNT, NA
AKBA, NA
ESGC, NA
IBCP, NA
SOAC, NA
LTRPA, NA
LTRPB, NA
UNG, NA
BCEI, Bonanza Creek Energy, 83%, Fairly Valued, Energy, NO
MUX, NA
KE, NA
TPVG, NA
TPVY, NA
RCEL, NA
NOG, NA
MSBI, Midland States Bank, rating, Possible Value Trap Think Twice, Financial Services, NO
EPIX, NA
BYM, NA
CPLG, NA
EIGR, NA
SNPR, NA
ETB, NA
SSPK, NA
FSRV, NA
ACRE, Ares Commercial Real Estate, rating, Possible Value Trap Think Twice, Real Estate, NO
URGN, NA
MCF, NA
WIA, NA
PMM, NA
SRAC, NA
OMP, NA
MGI, NA
ETO, NA
CRAI, CRA International, rating, Modestly Undervalued, Industrials, NO
WBAI, NA
ALFA, NA
ARA, NA
DXPE, NA
CBAY, NA
GXGX, NA
AXTI, NA
EVI, NA
MOFG, NA
PMX, NA
ATLC, Atlanticus, rating, Significantly Overvalued, Financial Services, NO
YJ, NA
PEIX, NA
OPY, Oppenheimer, rating, Fairly Valued, Financial Services, NO
OGI, NA
DSPG, NA
IGIC, NA
QH, NA
NPA, NA
HFFG, NA
SGU, NA
PKOH, NA
CPSI, NA
VMD, NA
APTO, NA
DSM, NA
AVDL, NA
MCR, NA
CNSL, NA
VUZI, NA
CRD.A, NA
CRD.B, CRD.B, rating, Fairly Valued, sector, NO
NCZ, NA
CNCE, NA
BKT, NA
BTE, NA
EEX, NA
GPL, NA
SMMT, NA
MOV, NA
CHPM, NA
CBAT, NA
WVE, NA
IMRA, NA
BSN, NA
HOFT, NA
JKI, NA
BCYC, NA
FCBC, NA
EXPC, NA
ARAY, Accuray, rating, Modestly Overvalued, Healthcare, NO
KALA, NA
INFU, NA
HOL, NA
TRC, NA
ORC, NA
CUE, NA
MGTA, NA
CDZI, NA
DMLP, Dorchester Minerals, rating, Modestly Undervalued, Energy, NO
DSKE, NA
IEA, NA
AGLE, NA
FPH, NA
SURF, NA
OIA, NA
STXS, NA
FMNB, Farmers National Bank, rating, Modestly Undervalued, Financial Services, NO
MMT, NA
KOR, NA
IYE, NA
MPAA, NA
PLX, NA
ALT, NA
TEI, NA
IAT, NA
ACIU, NA
TNK, NA
ERC, NA
PLYM, NA
ALLT, NA
MCBS, did not find data for this stock
APTS, NA
PFL, NA
RFL, NA
SOI, NA
JYNT, NA
MSB, Mesabi Trust, rating, Significantly Overvalued, Basic Materials, NO
BSRR, Sierra Bancorp, 33%, Modestly Undervalued, Financial Services, NO
IYZ, NA
CHSCL, NA
CHSCM, NA
CHSCN, NA
CHSCO, NA
CHSCP, NA
CASI, NA
LEGH, NA
EGAN, NA
HOOK, NA
HUIZ, NA
PUYI, NA
EMX, NA
BLE, NA
TMQ, Trilogy Metals, 86%, UNK, Basic Materials, NO
RVP, Retractable Technologies, rating, Significantly Overvalued, Healthcare, NO
RRBI, NA
TXMD, NA
NSCO, NA
GILT, NA
SENEA, NA
SENEB, NA
VSTM, NA
AVXL, NA
CCAC, NA
ALUS, NA
NRGX, NA
FISI, NA
SNDL, NA
JGH, NA
BLCT, NA
SXC, NA
NH, NA
PMF, NA
ANIP, NA
SGC, NA
CCNEP, NA
CCNE, CNB Financial, rating, Possible Value Trap Think Twice, Financial Services, NO
INS, Intelligent Systems, rating, Fairly Valued, Technology, NO
VHC, NA
GLO, NA
CBMG, NA
VIOT, NA
MEN, NA
RICK, NA
MBI, NA
BQ, NA
GLOG, NA
GNUS, NA
TCDA, NA
IPLDP, NA
GRIF, NA
VNTR, NA
BWB, NA
LAND, NA
LANDO, NA
LANDP, NA
FFA, NA
BNO, NA
RMM, NA
JRO, NA
NDLS, NA
LOOP, NA
UEC, NA
TDW, NA
CPSR, NA
NODK, NA
HYI, NA
UFPT, NA
BH, NA
BH.A, NA
MYJ, NA
HAFC, NA
UAVS, NA
RFI, NA
ESTE, NA
CAMP, NA
THM, NA
WSG, NA
DLTH, Duluth Holdings, rating, Possible Value Trap Think Twice, Consumer Cyclical, NO
ARTNA, NA
CALA, NA
EZA, NA
CPRX, Catalyst Pharmaceuticals, 100%, UNK, Healthcare, NO
ATHX, NA
ATOM, NA
REDU, NA
CTSO, NA
POWL, NA
PLM, NA
PERI, NA
SPFI, NA
CPZ, NA
ASG, NA
CONN, did not find data for this stock
GIK, did not find data for this stock
IACA, NA
ETM, NA
KALV, NA
AMC, NA
USX, NA
SPKE, NA
SPKEP, NA
RM, Regional Management, 67%, Modestly Undervalued, Financial Services, NO
NTP, NA
ACV, NA
SOR, NA
FOF, NA
TACO, NA
RMNI, NA
WSR, NA
PCQ, NA
CLA, NA
PSF, NA
CLFD, NA
BHB, Bar Harbor Bank & Trust, rating, Modestly Undervalued, Financial Services, NO
AMYT, NA
VTRU, NA
PLPC, NA
TRVN, NA
GAIN, NA
GAINL, NA
GAINM, NA
DZSI, NA
TISI, NA
CCRN, NA
COGT, NA
LCUT, NA
ACBI, NA
CSWC, NA
CSWCL, NA
VRTV, NA
TGLS, NA
AGMH, NA
LRMR, NA
HTBI, NA
GNTY, NA
RGS, NA
ARDC, NA
KLDO, NA
UFI, NA
SELB, NA
HEAR, Turtle Beach, 83%, Significantly Overvalued, Technology, NO
TAST, NA
OOMA, NA
CRSA, NA
DL, NA
NMY, NA
GWRS, NA
PLG, NA
CSTR, CapStar Financial, rating, Modestly Undervalued, Financial Services, NO
FULC, NA
VLGEA, NA
IPI, NA
JG, NA
EQBK, NA
KSMT, NA
FDBC, NA
FDUS, Fidus Investment, 50%, Possible Value Trap Think Twice, Financial Services, NO
FDUSZ, NA
GAU, NA
JKK, NA
TFFP, NA
WTBA, West Bank, rating, Modestly Undervalued, Financial Services, NO
XLG, NA
RZG, NA
RZV, NA
EWMC, NA
EWRE, NA
EWSC, NA
RCD, NA
RFG, NA
RFV, NA
RGI, NA
RHS, NA
RPG, NA
RPV, NA
RSP, NA
RTM, NA
RYE, NA
RYF, NA
RYH, NA
RYU, NA
LNDC, NA
RDVT, NA
MVT, NA
MYC, NA
IMUX, NA
GPM, NA
VALU, NA
GLTO, NA
IDT, IDT, rating, Significantly Overvalued, Communication Services, NO
MQT, NA
CZNC, NA
STWO, NA
CMPI, NA
JLS, NA
SMTI, NA
EOT, NA
IYC, NA
LEJU, Leju Holdings, rating, Modestly Undervalued, Real Estate, NO
ESBA, NA
FISK, NA
OGCP, NA
FC, NA
OTIC, NA
MCS, NA
EMF, Templeton Emerging Markets Fund, rating, UNK, Financial Services, NO
DFPH, NA
NGVC, NA
YRD, Yiren Digital, rating, Modestly Undervalued, Financial Services, NO
STON, NA
FCT, NA
PNNT, NA
PNNTG, NA
NGL, NA
WTRH, NA
IVC, NA
GNK, NA
WTI, W&t Offshore, rating, Modestly Undervalued, Energy, NO
CIA, NA
MUE, NA
UTMD, NA
INTZ, NA
HT, NA
OIS, NA
XXII, NA
NOA, North American Energy, rating, Fairly Valued, Energy, NO
VOXX, NA
AMCI, NA
VIAO, NA
MIXT, Mix Telematics, rating, Fairly Valued, Technology, NO
EBTC, NA
LUNA, NA
FLY, NA
IMMR, NA
VPV, NA
RCS, NA
ICAD, NA
RBNC, Reliant Bancorp, 83%, Possible Value Trap Think Twice, Financial Services, NO
NCA, NA
RBB, RBB Bancorp, rating, Modestly Undervalued, Financial Services, NO
OESX, NA
SRT, NA
CTMX, NA
CMRX, NA
RDHL, NA
BRG, NA
ABUS, NA
CHN, CHN, rating, UNK, Financial Services, NO
HAYN, NA
MCB, NA
NXTC, NA
SILC, NA
CABA, NA
ESCA, NA
ALPN, NA
GF, NA
RRGB, NA
NUM, NA
TWI, NA
VRCA, NA
MHI, NA
MEIP, NA
FBIO, NA
FBIOP, NA
LMNR, NA
ALTG, NA
CDXC, NA
OCGN, NA
OSBC, NA
LCAP, NA
LUMO, NA
PROG, NA
UCL, NA
SCVX, NA
NCMI, NA
FRGI, NA
BKN, NA
SONA, NA
NXP, NA
RVI, NA
AMPE, NA
BRY, NA
NATR, NA
ACEV, NA
ENX, NA
EVM, NA
EXI, NA
SBG, NA
MTRX, NA
MDNA, NA
STXB, NA
IAI, NA
PCK, NA
IXG, NA
IXP, NA
ITIC, Investors Title, rating, Possible Value Trap Think Twice, Financial Services, NO
AONE, NA
KLR, NA
IRCP, IRSA Propiedades Comerciales (Preferred), rating, Significantly Overvalued, Real Estate, NO
CNF, NA
RLGT, Radiant Logistics, rating, Modestly Overvalued, Industrials, NO
NSH, NA
GTYH, NA
AMNB, American National Bank, rating, Possible Value Trap Think Twice, Financial Services, NO
GLAD, NA
GLADD, NA
GLADL, NA
GSV, NA
SMMF, NA
NUO, NA
JE, NA
NBH, NA
PRTK, NA
MFAC, did not find data for this stock
MCBC, NA
NPV, NA
HRTG, NA
IBEX, NA
LITB, NA
FTF, NA
SUPV, Grupo Supervielle, 0%, Modestly Undervalued, Financial Services, NO
CARE, NA
CNBKA, Century Bank, rating, Fairly Valued, Financial Services, NO
IIF, NA
NXQ, NA
INBK, NA
INBKL, NA
INBKZ, NA
FTIV, NA
PTSI, NA
NNBR, NA
CVGI, NA
EWI, NA
DFHT, NA
RXI, NA
IRMD, NA
WHF, WhiteHorse Finance, 71%, Modestly Overvalued, Financial Services, NO
WHFBZ, NA
TVC, NA
TVE, NA
CIVB, NA
JNCE, NA
UEPS, NA
LEU, NA
MAV, NA
FNLC, NA
ACRS, NA
TOTA, NA
SMBC, Southern Bank, rating, Modestly Undervalued, Financial Services, NO
NWPX, NA
GSM, NA
UBX, NA
BXC, NA
SMBK, NA
ACET, NA
DUC, NA
MFM, NA
PBFS, NA
SFST, Southern First Bank, rating, Possible Value Trap Think Twice, Financial Services, NO
IPHA, NA
PKE, Park Aerospace, rating, UNK, Industrials, NO
LMRKN, NA
LMRKO, NA
LMRK, Landmark Infrastructure, rating, Modestly Undervalued, Real Estate, NO
LMRKP, NA
FEI, NA
ITRG, NA
ASPU, NA
LCI, NA
CGRO, NA
CGROW, NA
TSI, NA
EWD, NA
NVEC, NA
TARA, NA
KMF, NA
MTNB, NA
FLMN, NA
SPLP, NA
PEY, failed to do this stock but will do next
PSJ, NA
PFI, failed to do this stock but will do next
PRN, NA
PTF, NA
PPA, NA
PGJ, failed to do this stock but will do next
PDP, NA
PSI, NA
PSP, NA
DBE, NA
DBV, NA
DGL, NA
EQWL, NA
KBWY, NA
PBE, NA
PBJ, NA
PBP, NA
PBW, NA
PKB, NA
PKW, NA
PLW, NA
PNQI, NA
PTH, NA
PUI, NA
PWB, NA
PWC, NA
PWV, NA
PXE, NA
PXJ, NA
PXQ, NA
PZA, NA
PZD, NA
PZT, NA
SPGP, NA
SPHQ, NA
SPVM, NA
UDN, NA
UUP, NA
XMMO, NA
XSVM, NA
XMVM, NA
XSMO, NA
PJP, NA
PSL, NA
PFM, failed to do this stock but will do next
PGF, NA
PBS, NA
PEO, NA
GDO, NA
DSSI, NA
MEC, NA
ANH, NA
IMMP, NA
CLPT, NA
PCYO, NA
TYG, NA
VYGR, Voyager Therapeutics, 85%, Possible Value Trap Think Twice, Healthcare, NO
BGT, NA
MVBF, MVB Financial, rating, Modestly Undervalued, Financial Services, NO
VTGN, NA
HPX, NA
ALDX, NA
REKR, NA
VRA, NA
PFIS, NA
VYNE, NA
EZPW, NA
KRMD, NA
LCTX, NA
CODX, NA
FTSI, NA
QD, Qudian, 0%, Significantly Undervalued, Financial Services, NO
BWG, NA
IRS, IRSA Propiedades Comerciales, rating, Significantly Overvalued, Real Estate, NO
SPXX, NA
HSAQ, NA
VIH, NA
BRT, NA
BVH, NA
IMV, NA
PHT, NA
SSSS, NA
LATN, NA
NBEV, NA
AEYE, NA
OSMT, NA
TRNS, NA
DMB, NA
AGS, NA
ATAX, NA
GLRE, NA
GFN, NA
GFNCP, NA
GFNSL, NA
GFNSZ, NA
FMAO, NA
JKJ, NA
SDS, NA
NEPT, NA
JOF, NA
FST, NA
FLXS, NA
FPI, NA
GRTX, NA
UXIN, NA
NUW, NA
KIRK, NA
ODC, NA
VTN, NA
BWAY, NA
ETX, NA
MTT, NA
CINR, Ciner Resources, rating, Modestly Undervalued, Basic Materials, NO
CVLG, NA
CSSE, NA
CSSEN, NA
CSSEP, NA
MGU, NA
PHD, NA
NEXT, NA
TMTS, NA
CHMA, NA
OCN, NA
CCB, NA
AGRX, NA
ASPL, did not find data for this stock
LMPX, NA
HCHC, NA
CTO, CTO Realty Growth, rating, Possible Value Trap Think Twice, Real Estate, NO
QMCO, NA
CSPR, NA
OIIM, NA
MBIO, NA
VBF, NA
XPH, NA
ATCX, NA
CECE, CECO Environmental, rating, Fairly Valued, Industrials, NO
APYX, NA
UIHC, NA
THTX, NA
HBCP, NA
CEIX, NA
BCTG, NA
CLMT, NA
JRS, NA
GIX, NA
RACA, NA
HRZN, NA
HTFA, NA
TLYS, NA
LOGC, NA
IGI, NA
RUHN, NA
THCA, NA
KZR, NA
BIVI, NA
XERS, NA
AJX, NA
AJXA, NA
EVF, NA
CRESY, NA
COFS, NA
BLU, NA
HBB, Hamilton Beach, rating, Fairly Valued, Technology, NO
LIVX, NA
CRMD, NA
AOUT, NA
SAVA, NA
DBVT, NA
MESA, NA
CTIC, NA
DHY, NA
LPI, did not find data for this stock
FLC, NA
MNOV, NA
CEM, NA
YRCW, NA
BTU, NA
CNTG, did not find data for this stock
SJ, NA
SCPE, NA
NL, NL Industries, rating, Modestly Overvalued, Industrials, NO
PVBC, NA
SAR, Saratoga Investment, 83%, Modestly Undervalued, Financial Services, 2021-01-07
SAF, NA
SAK, NA
ALCO, NA
ITI, NA
FSBW, FS Bancorp, rating, Modestly Undervalued, Financial Services, NO
SUNS, Solar Senior Capital, rating, UNK, Financial Services, NO
LGI, NA
INMB, NA
EVC, NA
GWGH, NA
PAYS, NA
PWFL, NA
GHL, NA
MHD, NA
EGLE, NA
NCNA, NA
PZC, NA
INSI, NA
PMVC, NA
TBNK, NA
NHS, Neuberger Berman High Yield Strategies Fund, rating, Fairly Valued, Financial Services, NO
OCSI, NA
BNED, NA
SIFY, Sify, rating, Fairly Valued, Communication Services, NO
NATH, NA
SBT, NA
ONCT, NA
MG, NA
PSAC, NA
PDS, NA
VRNA, NA
LYTS, LSI Industries, rating, Significantly Overvalued, Technology, NO
CRNT, NA
KXIN, NA
JCE, NA
TNAV, NA
HZN, NA
SLGL, NA
AFT, NA
BIOX, NA
NXR, NA
SMSI, Smith Micro Software, rating, Significantly Overvalued, Technology, NO
BGFV, NA
MLP, NA
GNRS, NA
HBMD, NA
EWN, NA
IBIO, NA
IVH, NA
CATO, NA
MXI, NA
ATLO, NA
PIM, NA
APTX, NA
GNSS, NA
LAKE, NA
DFNS, NA
DHF, NA
FVE, Five Star Senior Living, rating, Significantly Overvalued, Healthcare, NO
ACNB, NA
TK, NA
BSL, NA
MSON, NA
TELA, NA
GCBC, NA
GRX, NA
FCBP, NA
BBCP, NA
PANA, NA
NHIC, NA
OPTN, NA
SCPS, NA
NWFL, NA
SAII, NA
FURY, NA
FEN, NA
SENS, NA
PFD, NA
EOD, NA
CRHM, CRH Medical, rating, Modestly Undervalued, Healthcare, NO
SPOK, NA
SCA, NA
SCM, NA
BGR, NA
NRIM, NA
AKU, NA
MHLD, Maiden Holdings, rating, Significantly Overvalued, Financial Services, NO
MHLA, NA
CMCT, NA
CMCTP, NA
GSL, NA
GSLD, NA
UTI, NA
TMST, NA
STIM, NA
PRQR, NA
DAKT, NA
TCI, NA
GTT, NA
IDN, NA
MOGU, NA
STRS, NA
SCD, NA
GORO, NA
NRO, NA
WRN, NA
ARYA, NA
CTRA, NA
PFHD, NA
FVL, NA
SNCR, NA
TOUR, NA
KOPN, NA
FLUX, NA
JTD, NA
SHSP, NA
QUAD, NA
FCAP, NA
JXI, NA
MTCR, NA
ATTO, NA
TUSK, NA
GPX, GP Strategies, rating, Fairly Valued, Consumer Defensive, NO
FDEU, NA
RCKY, NA
JFU, NA
NKSH, NA
HYB, NA
KF, NA
TSBK, NA
ASPS, NA
FUND, NA
NSL, NA
BSET, NA
CSLT, NA
MIST, NA
ASMB, NA
SAMG, NA
MPA, NA
ALSK, NA
IDE, NA
WMC, NA
GGT, NA
PTVCA, NA
PTVCB, NA
FVCB, NA
NOVS, NA
CERC, NA
USL, NA
CVEO, NA
HURC, NA
ETON, NA
OBAS, NA
SIEN, NA
EVFM, NA
SALT, NA
AAOI, NA
CULP, NA
PFBI, Premier Financial Bancorp, rating, Modestly Undervalued, Financial Services, NO
BLSA, NA
AXLA, NA
BKCC, NA
RGCO, NA
ACTG, NA
XNET, NA
NIQ, NA
EMO, NA
BLRX, NA
CAAS, NA
CMCL, Caledonia Mining, rating, Significantly Overvalued, Basic Materials, NO
FENC, NA
MYF, NA
NYMX, NA
NML, NA
MBII, NA
EXFO, NA
CHS, NA
CBNK, NA
STRT, NA
PCOM, NA
DMAC, NA
GAIA, NA
BNY, NA
LCNB, LCNB, rating, Modestly Undervalued, Financial Services, NO
BCBP, NA
MARK, NA
GNE, NA
CNTY, NA
MSD, NA
FT, NA
VNRX, NA
AT, NA
CVCY, NA
ACP, NA
ADRE, NA
ORRF, did not find data for this stock
UNTY, Unity Bank, rating, Possible Value Trap Think Twice, Financial Services, NO
SQNS, NA
NC, NACCO, rating, Possible Value Trap Think Twice, Energy, NO
AVNW, Aviat Networks, rating, Significantly Overvalued, Technology, NO
PKBK, NA
OSG, NA
BSCP, NA
BSCQ, NA
BSCR, NA
BSJN, NA
BSJO, NA
BSJP, NA
CSD, NA
CVY, NA
CZA, NA
DEF, NA
DJD, NA
GSY, NA
RYJ, NA
NBN, Northeast Bank, rating, Modestly Undervalued, Financial Services, NO
GPP, NA
ADMA, NA
MPB, NA
FRBA, NA
DMF, NA
SWKH, NA
MDCA, NA
NAZ, NA
AQMS, NA
TTOO, NA
PWOD, NA
STG, NA
JHS, NA
ECF, NA
PYPD, NA
BW, NA
GMLPP, NA
GMLP, NA
CWCO, NA
WLFC, Willis Lease Finance, rating, Modestly Undervalued, Industrials, NO
SIC, NA
XONE, NA
AMRK, NA
RMBI, NA
HOV, Hovnanian Enterprises, rating, Modestly Overvalued, Consumer Cyclical, NO
HOVNP, NA
GLQ, NA
SCOR, NA
PSTI, NA
MHH, NA
MYL, NA
ONCS, NA
BELFA, NA
BELFB, NA
PRGX, NA
CKPT, NA
AQST, NA
GLYC, NA
GENC, NA
BCML, BayCom, rating, Possible Value Trap Think Twice, Financial Services, NO
PDLB, NA
LIZI, NA
GNPX, NA
SRGA, NA
ESSC, NA
MLAC, NA
TLSA, NA
UAN, NA
GLEO, NA
CMLS, NA
CIH, NA
CIX, NA
SRRA, NA
TMDI, NA
HROW, NA
TEAF, NA
WNEB, NA
SHBI, Shore Bancshares, rating, Modestly Undervalued, Financial Services, NO
ISTR, NA
DSI, NA
TOK, NA
SPI, NA
PICO, NA
GSIT, NA
NMTR, NA
SESN, NA
TRX, NA
ARL, American Realty, rating, Significantly Overvalued, Real Estate, NO
NR, NA
AIRG, NA
TREC, NA
LIQT, NA
FGBI, NA
JDD, NA
APOP, NA
DSX, NA
MUS, NA
IVAC, Intevac, rating, Significantly Overvalued, Industrials, NO
GV, NA
MRCC, NA
MRCCL, NA
MUH, NA
LFAC, NA
FSDC, NA
BTA, NA
NMMC, NA
BGX, NA
FMN, NA
KIN, NA
SREV, NA
CTK, NA
GTE, NA
BHR, NA
BBK, NA
TIPT, NA
NRP, NA
SLCT, NA
HLXA, NA
WEA, NA
FRBK, NA
HBIO, NA
XGN, NA
MCMJ, NA
AVEO, NA
BOCH, NA
CVLY, NA
PFO, NA
BRID, NA
OTLK, NA
JFIN, NA
CIK, NA
TEDU, NA
GRTS, NA
CYBE, NA
AYRO, NA
NAK, NA
SBBP, NA
KRUS, NA
SOLY, NA
SECO, Secoo Holding, rating, Possible Value Trap Think Twice, Consumer Cyclical, NO
FCCY, NA
MHF, NA
ESSA, NA
NBSE, NA
IIN, NA
FSTR, L.B. Foster, rating, Modestly Undervalued, Industrials, NO
CEE, NA
RRD, NA
BCV, NA
EMKR, NA
RIV, NA
EARN, Ellington Residential Mortgage REIT, rating, UNK, Real Estate, NO
OCX, NA
APVO, NA
LEAF, NA
IGA, NA
TCON, NA
DS, NA
TH, NA
CXE, NA
ELOX, NA
FNWB, NA
PSTL, NA
TYME, NA
BPRN, NA
ROCH, NA
BSA, NA
CHMG, NA
NUZE, NA
III, NA
VVPR, NA
FBIZ, First Business Financial Services, rating, Possible Value Trap Think Twice, Financial Services, NO
TCFC, Community Financial, rating, Possible Value Trap Think Twice, Financial Services, NO
LEVL, NA
LEVLP, NA
CLXT, NA
DMO, NA
CHMI, NA
LAZY, NA
SMED, NA
MYFW, NA
STND, NA
WEYS, NA
PCB, NA
PTN, NA
GNFT, NA
ABEO, NA
GSMG, NA
XCUR, NA
BWFG, NA
FSFG, First Savings Bank, rating, Possible Value Trap Think Twice, Financial Services, NO
PVAC, NA
PBT, NA
FTK, NA
EDN, NA
CPLP, NA
ZAGG, NA
YCBD, NA
SLNO, NA
INVE, NA
RDCM, NA
ZVO, NA
ELVT, NA
NNY, NA
INSE, NA
GHM, NA
APT, NA
OXSQ, NA
OXSQZ, NA
PAI, NA
TNP, NA
VMM, NA
ORN, Orion Group, rating, Fairly Valued, Industrials, NO
EYEN, NA
ESXB, NA
EDAP, NA
EML, Eastern Company, rating, Modestly Undervalued, Industrials, NO
JHI, NA
CAPA, NA
ELC, NA
MGF, NA
VERY, NA
AUBN, NA
PHGE, NA
EVBN, Evans Bank, rating, Possible Value Trap Think Twice, Financial Services, NO
DYAI, NA
ZEUS, NA
PME, NA
LYRA, NA
ESQ, Esquire Financial, rating, Possible Value Trap Think Twice, Financial Services, NO
MOGO, NA
MRLN, NA
NEN, NA
OVID, NA
EXTN, NA
SGOC, NA
PTK, NA
BFRA, NA
MNP, NA
SCPH, NA
XIN, Xinyuan Real Estate, rating, Possible Value Trap Think Twice, Real Estate, NO
CSBR, NA
TDAC, NA
SGA, NA
RESN, NA
KCAPL, NA
PTMN, NA
MBCN, Middlefield Bank, rating, Fairly Valued, Financial Services, NO
ENJ, NA
ENO, NA
EBMT, NA
BCLI, NA
IEC, NA
AVCT, NA
LKCO, NA
HWBK, NA
OFED, Oconee Federal, rating, Fairly Valued, Financial Services, NO
MCN, NA
CFRX, NA
MMAC, NA
RGT, NA
ELA, NA
DLA, NA
SMTX, SMTC, rating, Significantly Overvalued, Technology, NO
PIRS, NA
VMAC, NA
CBIO, NA
XYF, NA
AZYO, NA
MICT, NA
BGSF, NA
CBAN, NA
ERYP, NA
LOV, did not find data for this stock
ICBK, NA
SNFCA, Security National Financial, rating, Modestly Overvalued, Financial Services, NO
SBFG, SB Financial, rating, Modestly Undervalued, Financial Services, NO
ALYA, NA
AHT, NA
NTZ, NA
GLOP, NA
ENOB, NA
VTVT, NA
CDR, NA
RMI, NA
BBF, NA
OVLY, NA
PXLW, NA
JTA, NA
RDI, NA
RDIB, NA
PFSW, NA
INFI, NA
BASI, NA
PAVM, NA
URG, NA
NMT, NA
NKG, NA
WPG, NA
CFFI, NA
HQI, NA
MLSS, NA
GDL, NA
SIOX, NA
FAM, NA
BATL, NA
MFNC, Mackinac Financial, rating, Modestly Undervalued, Financial Services, NO
BWEN, NA
LPTX, NA
SFE, NA
PEBK, Peoples Bancorp of North Carolina, rating, Modestly Undervalued, Financial Services, NO
NMCI, NA
SB, NA
LFVN, Lifevantage, rating, Modestly Undervalued, Consumer Defensive, NO
EDF, NA
CLSD, NA
EQ, NA
NIM, NA
ASUR, NA
NMM, NA
IFRX, NA
INOD, NA
GER, NA
AGD, NA
AHAC, NA
NTG, NA
BAF, NA
ZOM, NA
SIEB, NA
BFIN, NA
FNCB, NA
SBI, NA
IDRA, NA
TNXP, NA
CGO, NA
QK, NA
NBAC, NA
BSVN, NA
EDUC, did not find data for this stock
XAN, NA
DLNG, NA
GALT, NA
LQDA, NA
GDP, NA
NGS, NA
MRBK, NA
FCCO, NA
MNSB, NA
MNSBP, NA
DTF, NA
LTRX, NA
CALB, NA
JEQ, NA
HYRE, NA
OBCI, NA
TSQ, NA
BANX, NA
AAIC, NA
AIC, NA
AIW, NA
MPV, NA
GLG, NA
SPPP, NA
CLPR, NA
VEL, NA
AMHC, NA
GNCA, NA
PANL, NA
PCM, NA
CMU, NA
CXDO, NA
SJT, NA
AIH, NA
RNET, NA
ADMS, NA
LMNL, NA
METC, NA
ACRX, NA
HTBX, NA
YGMZ, NA
RNDB, Randolph Bancorp, rating, Possible Value Trap Think Twice, Financial Services, NO
MFT, NA
PNI, NA
MFIN, NA
MFINL, NA
CZWI, NA
WHG, NA
GRNQ, NA
EXN, NA
HNW, NA
GGZ, NA
ENZ, NA
AGFS, NA
SFUN, NA
MITT, NA
IAF, NA
LTRN, NA
SPE, NA
UBFO, NA
CMT, Core Molding Technologies, rating, Significantly Overvalued, Basic Materials, NO
MTBC, NA
MTBCP, NA
PDEX, Pro-Dex, rating, Significantly Overvalued, Healthcare, NO
JPXN, NA
TILT, NA
ERH, NA
CCM, NA
CPST, NA
EFF, NA
FRAF, Franklin Financial Services, rating, Possible Value Trap Think Twice, Financial Services, NO
BSGM, NA
MLVF, Malvern Bancorp, rating, Modestly Undervalued, Financial Services, NO
GCV, NA
RVSB, NA
BSBK, NA
CIZN, NA
PROV, NA
DLHC, NA
AUMN, NA
GEOS, NA
ASM, NA
DHX, NA
DRIO, NA
YTRA, NA
PTRS, NA
UNB, Union Bank & Trust, rating, Possible Value Trap Think Twice, Financial Services, NO
NOVN, NA
OBSV, NA
FONR, Fonar, rating, Modestly Undervalued, Healthcare, NO
PMBC, NA
ENLV, NA
EOLS, NA
CFBK, NA
OVBC, NA
RENN, NA
LXEH, NA
ISSC, Innovative Solutions and Support, rating, Significantly Overvalued, Industrials, NO
PBIP, NA
XSPA, NA
PINE, NA
FFNW, NA
SD, NA
EMAN, NA
FVAM, NA
PGP, NA
CHAQ, NA
FCRD, NA
FCRW, NA
FCRZ, NA
VGZ, NA
JAX, NA
FPL, NA
QUMU, NA
PED, NA
MKD, NA
ASC, NA
ORGS, NA
TTI, NA
FUNC, First United, rating, Modestly Undervalued, Financial Services, NO
LARK, NA
CBFV, NA
HIL, Hill International, rating, Modestly Undervalued, Industrials, NO
RMRM, NA
STKS, NA
TZOO, NA
DCTH, NA
METX, NA
PBPB, NA
FLL, NA
PRPH, NA
TWIN, NA
LJPC, NA
ATNM, NA
SAL, Salisbury Bank, rating, Modestly Undervalued, Financial Services, NO
AGTC, NA
LSAQ, NA
CRBP, NA
XFOR, NA
NYC, NA
SUP, NA
KRKR, NA
VVOS, NA
KFS, NA
BSD, NA
NMI, NA
APRE, NA
PEJ, NA
CYCN, NA
FSLF, NA
WPS, NA
MN, NA
AYTU, NA
ULBI, Ultralife, rating, Significantly Undervalued, Industrials, NO
ONCY, NA
IAE, NA
NXC, NA
LPTH, NA
ANDA, NA
AE, NA
MNTX, NA
IMNM, NA
ADES, NA
BRBS, NA
EGY, NA
IGN, NA
DGT, NA
MDWD, NA
ACU, NA
ORMP, NA
AP, Ampco, rating, Significantly Overvalued, Industrials, NO
RZLT, NA
CRVS, NA
NERV, NA
ATXI, NA
LXU, NA
OCG, NA
FEIM, NA
AMST, NA
OPOF, NA
GLU, NA
APRN, NA
MDGS, NA
HBP, NA
PHAS, NA
ELYS, NA
ITAC, NA
SANW, NA
XES, NA
CEV, NA
LMB, Limbach, rating, Significantly Overvalued, Industrials, NO
ZYNE, NA
EXD, NA
NTIC, NA
REC, NA
OFS, NA
OFSSG, NA
OFSSZ, NA
FTEK, NA
CEMI, NA
CPSS, Consumer Portfolio Services, rating, Modestly Overvalued, Financial Services, NO
USAU, NA
RBKB, NA
CELC, NA
RMTI, NA
EYPT, NA
FRAN, NA
LMST, Limestone Bank, rating, Modestly Undervalued, Financial Services, NO
EPM, NA
WWR, NA
WEI, NA
HGBL, NA
LGC, NA
PCYG, NA
COCP, NA
CTG, NA
CYAD, NA
MACK, NA
SACC, NA
SCCC, NA
SACH, NA
CANF, Can-Fite BioPharma, rating, Significantly Overvalued, Healthcare, NO
TRIB, NA
SVBI, NA
PNF, NA
XAIR, NA
AVCO, NA
IAK, NA
ARAV, NA
VERO, NA
VBLT, NA
MAGS, NA
MREO, NA
ASYS, NA
LPCN, NA
CXH, NA
GASS, NA
ZGYH, NA
BSE, NA
REFR, NA
NTIP, NA
EPSN, NA
BKSC, NA
FTFT, Future FinTech, rating, UNK, Technology, NO
VLT, NA
IZEA, NA
ENG, NA
CLIR, NA
EIC, NA
RLH, NA
CDTX, NA
APEN, NA
ETTX, NA
FENG, Phoenix New Media, rating, Possible Value Trap Think Twice, Communication Services, NO
MRAM, NA
JAGX, NA
GLV, NA
SFET, NA
WINT, NA
OMEX, NA
NMRD, NA
NRBO, NA
XTNT, NA
ONTX, NA
CIDM, NA
PNRG, NA
CHRA, NA
NINE, NA
WYY, NA
NWHM, NA
SUNW, NA
RIVE, NA
NEPH, NA
EMCF, NA
NREF, NA
ELMD, NA
LWAY, Lifeway Foods, rating, Significantly Overvalued, Consumer Defensive, NO
SEEL, NA
APM, NA
PETZ, NA
SCYX, NA
WSTG, NA
HMNF, NA
OPTT, NA
ONVO, NA
AFI, NA
DVD, NA
SFBC, NA
GROW, NA
FXNC, NA
FARM, NA
CWBR, NA
GMBL, NA
KZIA, NA
BKEP, NA
BKEPP, NA
LIVK, NA
FNHC, NA
PYZ, NA
GEN, NA
DPW, NA
QLGN, NA
SSBI, NA
STSA, NA
WATT, NA
UBOH, NA
PEI, NA
MCAC, NA
MOHO, NA
GECC, NA
GECCN, NA
MITO, NA
IGV, NA
CLDB, NA
EEA, NA
BOXL, NA
USAK, NA
AMRB, NA
GRIN, NA
LACQ, NA
MCHX, NA
NEON, NA
LNSR, NA
MCC, NA
MCV, NA
VERB, NA
TPZ, NA
CWBC, Community West, rating, Modestly Undervalued, Financial Services, NO
FFBW, NA
TOMZ, NA
ALOT, NA
SEED, NA
LSBK, NA
ZDGE, NA
EVY, NA
NBW, NA
UONE, NA
UONEK, NA
SYBX, NA
LAIX, NA
AWRE, NA
VNCE, NA
SND, Smart Sand, rating, Modestly Undervalued, Energy, NO
GFED, NA
WTER, NA
KTCC, Key Tronic, rating, Fairly Valued, Technology, NO
GRNV, NA
LEE, NA
GTEC, NA
CFBI, NA
CRWS, NA
ANIX, NA
AIM, NA
BFY, NA
PESI, Perma-Fix Environmental Services, rating, Modestly Undervalued, Industrials, NO
FEO, NA
AIRT, NA
AIRTP, NA
MFD, NA
EWO, NA
IROQ, IF Bancorp, rating, Modestly Undervalued, Financial Services, NO
AAU, NA
DDF, NA
SYNL, NA
KINS, NA
FAT, NA
FATBP, NA
ECOR, NA
OCUP, NA
CAPR, NA
HEPA, NA
MNPR, NA
ASLN, NA
CXDC, NA
TGA, NA
IKT, did not find data for this stock
MRKR, NA
INTG, NA
AREC, NA
MZA, NA
TURN, NA
TRCH, NA
FCO, NA
VCF, NA
SLS, NA
TC, NA
CCRC, NA
BBW, NA
EVOK, NA
JMM, NA
INTT, NA
ARKR, NA
JRSH, NA
RMBL, NA
CODA, Coda Octopus, rating, Possible Value Trap Think Twice, Industrials, NO
NETE, NA
NAII, NA
REPH, NA
IGC, NA
OEG, NA
OSS, NA
FET, NA
GLMD, NA
ICMB, NA
USIO, NA
USAP, NA
FBSS, NA
UG, NA
DIT, NA
BRPA, NA
HOFV, NA
ISDR, NA
RYB, NA
ADXN, NA
NICK, NA
ARC, ARC, rating, Fairly Valued, Industrials, NO
HALL, NA
IMH, NA
LGL, NA
LIV, NA
ALNA, NA
MGEN, NA
JT, NA
PEZ, NA
KERN, NA
EGF, NA
SRTS, NA
LN, NA
SMHI, NA
TACT, NA
SBOW, NA
DTEA, NA
HNNA, NA
CYRN, NA
AGBA, NA
AKTX, NA
DGLY, NA
KBNT, NA
NBO, NA
AXR, NA
SVRA, NA
IMBI, NA
SRL, NA
TRXC, NA
PHUN, NA
FMK, NA
TZA, NA
XELA, NA
JP, NA
RSSS, NA
BRLI, NA
ARDS, NA
KRBP, NA
HTY, NA
RNWK, NA
VFL, NA
BIOC, NA
ANPC, NA
WKEY, NA
EXPR, NA
AEHR, NA
VIRI, NA
BMRA, NA
IRR, NA
NAVB, NA
AGE, NA
MCEP, NA
CFMS, NA
CLRB, NA
CTXR, NA
CCNC, NA
GSUM, NA
CPHC, NA
NHTC, NA
RNGR, NA
NXTD, NA
MGYR, NA
FUSB, First US Bank, rating, Modestly Undervalued, Financial Services, NO
NXN, NA
POLA, NA
INDO, NA
MMLP, Martin Midstream, rating, Possible Value Trap Think Twice, Energy, NO
ARMP, NA
AESE, NA
DARE, did not find data for this stock
KLXE, NA
FPAY, NA
TESS, NA
PBHC, NA
ALTS, NA
AMTX, NA
DOGZ, NA
SYNC, NA
BOTJ, Bank of the James, rating, Possible Value Trap Think Twice, Financial Services, NO
REI, NA
FSEA, NA
UFAB, NA
ATV, NA
ASRV, NA
IEZ, NA
NCSM, NA
GRCY, NA
RGLS, NA
NNA, Navios Maritime, rating, Possible Value Trap Think Twice, Energy, NO
ALAC, NA
SEAC, NA
SGBX, NA
RELL, NA
KFFB, did not find data for this stock
IMRN, NA
SOS, NA
PIXY, NA
ANVS, NA
EWK, NA
GNLN, NA
MNDO, NA
PHX, NA
GOED, NA
HFEN, NA
INPX, NA
PW, NA
PYN, NA
IRL, NA
DFFN, NA
NBRV, NA
EKSO, NA
BPT, NA
NCB, NA
SSKN, NA
PLXP, NA
VBFC, NA
CCLP, NA
LOAN, NA
BCDA, NA
FEDU, NA
CIF, NA
SRAX, NA
MBRX, NA
DWSN, NA
SIF, NA
AMBO, NA
UTSI, NA
GENE, NA
TANH, NA
PPIH, NA
CRT, NA
STRM, NA
AMPY, NA
CBMB, NA
REED, NA
ATNF, NA
STCN, NA
HUD, NA
HFBL, NA
MBOT, NA
KCE, NA
CLPS, NA
MDJH, NA
DXR, NA
ITRM, NA
FWP, NA
RFIL, NA
FRD, NA
TOPS, NA
PFMT, NA
SONM, NA
PCF, NA
ATIF, NA
PDSB, did not find data for this stock
BCOW, NA
CDOR, NA
IOR, NA
VJET, NA
SMLP, NA
ICCH, NA
CHNR, NA
GIFI, NA
AIHS, did not find data for this stock
ACHV, NA
SRV, NA
ALJJ, NA
HDSN, NA
ZKIN, ZK International, rating, UNK, Basic Materials, NO
JUPW, NA
DSWL, NA
VCNX, NA
ARPO, NA
HWCC, NA
HAPP, NA
MSVB, NA
CVU, NA
RAND, NA
ESP, NA
MAYS, NA
ADMP, NA
HCAP, NA
CBLI, NA
EVK, NA
HNRG, NA
FGB, NA
BBQ, NA
EDSA, NA
OCCI, NA
OCCIP, NA
TRVI, NA
NTWK, NA
INUV, NA
CPIX, NA
SLGG, NA
NTEC, NA
EDEN, NA
BBGI, NA
BRQS, NA
QID, NA
EYES, NA
BXRX, NA
CATB, NA
ICCC, NA
MEDS, NA
SPRT, NA
CLRO, NA
JCS, NA
CNSP, NA
AAME, NA
ZCMD, NA
ALRN, NA
HYD, NA
QRHC, NA
ZSAN, NA
QUIK, NA
DTSS, NA
CYCC, NA
CYCCP, NA
BBI, NA
ATOS, NA
MFV, NA
PT, NA
NHLD, NA
OPGN, NA
GURE, NA
PULM, NA
PFIE, NA
OGEN, NA
SQFT, NA
FMO, NA
ACST, NA
DXYN, NA
FAZ, NA
VIRC, NA
TPHS, NA
TATT, NA
PZG, NA
SINT, NA
HGSH, NA
ESBK, NA
PRFX, NA
HX, NA
HPR, NA
ISR, NA
LIFE, NA
OTEL, NA
LIXT, NA
UAMY, NA
AIRI, NA
BIOL, NA
MTEX, NA
CPTA, NA
AAMC, NA
CSCW, NA
IID, NA
FFHL, Fuwei Films, rating, Significantly Overvalued, Consumer Cyclical, NO
VOLT, NA
WTT, NA
CJJD, NA
SONN, NA
SNGX, NA
HVBC, NA
HUGE, NA
ASRT, NA
ARCM, NA
BKTI, NA
BNSO, NA
AACG, NA
AVGR, NA
SELF, NA
RAIL, NA
ABIO, NA
HCFT, NA
PTE, NA
SOHO, NA
SOHOB, NA
SOHON, NA
SOHOO, NA
PNBK, NA
CPSH, CPS Technologies, rating, Significantly Overvalued, Technology, NO
BDL, NA
EDTK, did not find data for this stock
SHIP, NA
GHSI, NA
AUVI, NA
IO, NA
DSS, NA
TAYD, NA
SNSS, NA
CRTD, NA
GTIM, NA
AEY, NA
JILL, NA
MVO, NA
LODE, NA
BYFC, NA
PRPO, NA
CTHR, NA
GIGM, NA
NM, NA
NEWA, Newater Technology, rating, UNK, Industrials, NO
BWL.A, NA
CNET, NA
LGHL, NA
IRIX, NA
NYV, NA
KEQU, NA
DAIO, NA
OPNT, NA
CNNB, NA
RKDA, NA
PPSI, NA
NES, NA
KIQ, NA
JMP, NA
JMPNL, NA
JMPNZ, NA
MYSZ, NA
ACOR, NA
MKGI, NA
CSPI, NA
ASTC, NA
ADXS, NA
SUMR, Summer Infant, rating, Significantly Overvalued, Consumer Defensive, NO
NOM, NA
OBLG, NA
XPL, NA
AUTO, NA
BHAT, NA
SYPR, NA
AHC, NA
VTNR, NA
BZM, NA
ACER, NA
MHE, NA
HOTH, NA
CNFR, NA
CNFRL, NA
PRT, NA
WVVIP, NA
WVVI, NA
PECK, NA
KTRA, NA
TRMT, Tremont Mortgage Trust, rating, UNK, Real Estate, NO
GLBZ, NA
CUBA, NA
LOAC, NA
NCTY, NA
NEOS, NA
GRF, NA
OSN, Ossen Innovation, rating, Significantly Overvalued, Basic Materials, NO
MYO, NA
USWS, NA
APWC, NA
SVVC, NA
NNVC, NA
FSI, NA
MOTS, NA
TBLT, NA
JCTCF, NA
OLB, NA
ESEA, NA
AEMD, NA
BTN, NA
SCX, NA
PATI, NA
MTC, NA
AZRX, NA
WISA, NA
EQS, NA
INM, NA
NBY, NA
APDN, NA
MIND, NA
MINDP, NA
INVO, NA
PLIN, NA
HSON, NA
PMD, NA
CELP, NA
ITM, NA
KSPN, NA
NVCN, NA
SALM, NA
CLBS, NA
DXF, NA
VISL, NA
ANTE, NA
BKYI, NA
VTSI, NA
GVP, NA
NSEC, NA
PHCF, NA
WVFC, NA
WHLR, NA
WHLRD, NA
WHLRP, NA
CLSN, NA
MDLY, NA
AEZS, NA
NRT, NA
CSU, NA
BHTG, NA
LYL, NA
CHCI, Comstock Holding, rating, Significantly Overvalued, Real Estate, NO
BHV, NA
ADTX, NA
RIBT, NA
KOSS, NA
RWLK, NA
GYRO, NA
NDRA, NA
EARS, NA
JAKK, NA
FAMI, NA
PLAG, NA
RMCF, NA
HCDI, NA
ADIL, NA
CLEU, NA
IPWR, NA
SGRP, NA
IMTE, Integrated Media Technology, rating, UNK, Technology, NO
PVL, Permianville Royalty Trust, rating, Possible Value Trap Think Twice, Energy, NO
UNAM, NA
CVV, NA
ISNS, NA
ATHE, NA
EVOL, NA
LTBR, NA
RCMT, NA
SQBG, NA
IFMK, NA
TENX, NA
WHLM, NA
TTNP, NA
XELB, NA
HUSN, NA
CEI, NA
PSHG, NA
CGA, NA
EYEG, NA
HTGM, NA
CETX, NA
CETXP, NA
MOXC, NA
DLPN, NA
NVUS, NA
CVR, NA
ELTK, NA
CPAH, CounterPath, rating, Significantly Overvalued, Technology, NO
RBCN, NA
COHN, NA
TAOP, NA
ALIM, NA
PBTS, NA
NJV, NA
JVA, NA
LIVE, NA
CHEK, NA
SVT, Servotronics, rating, Modestly Undervalued, Industrials, NO
MSN, NA
SXTC, NA
GRIL, NA
OCC, NA
PXI, NA
VRME, NA
IHT, NA
BSQR, NA
SMIT, NA
SGMA, NA
SGLB, NA
IKNX, NA
ENTX, NA
HSDT, NA
BBIG, NA
AHPI, NA
JRJC, NA
BIMI, NA
CARV, NA
CPHI, NA
SPCB, NA
YTEN, NA
AXAS, NA
CHFS, NA
PFIN, NA
NSYS, NA
TAIT, NA
MDIA, NA
CYAN, NA
NAKD, NA
CKX, NA
BVXV, NA
WIL, NA
ICD, NA
IMAC, NA
SLRX, NA
FORD, NA
MRIN, NA
MFH, NA
BLCM, NA
XBIO, NA
PXS, NA
PXSAP, NA
AKER, NA
JOB, GEE Group, rating, Modestly Overvalued, Industrials, NO
NPN, NA
HJLI, NA
WAFU, NA
GLBS, NA
NVIV, NA
DRAD, NA
DRADP, NA
MTP, NA
TKAT, NA
ACY, NA
ICON, NA
RAVE, NA
ELSE, NA
THMO, NA
YVR, NA
RETO, NA
CREG, NA
BPTH, NA
HIHO, NA
ITP, NA
XTLB, NA
PHIO, NA
SDPI, NA
CTEK, NA
SNOA, NA
BGI, NA
DUOT, NA
LLIT, NA
NAOV, NA
TRT, NA
SCKT, NA
LEDS, NA
EFOI, NA
CREX, NA
DXLG, NA
MYT, NA
WORX, NA
BDR, NA
TSRI, NA
TGC, NA
NVFY, NA
BNTC, NA
EAST, NA
POAI, NA
GOVX, NA
SSNT, NA
ANCN, NA
AMS, NA
DSE, NA
IDXG, NA
ARTW, NA
EDRY, NA
NSPR, NA
MXC, NA
SINO, NA
SNMP, NA
HUSA, NA
SNDE, NA
NURO, NA
DYNT, NA
OBLN, NA
UUU, NA
BLIN, NA
HSTO, NA
CGIX, NA
ANY, NA
ARTL, NA
SKF, NA
OXBR, NA
HMG, NA
RCON, NA
BRN, NA
MDRR, NA
MDRRP, NA
LMFA, NA
ISIG, NA
VIVE, NA
RCG, NA
AWX, NA
GBR, NA
CLWT, NA
CTIB, NA
OPHC, NA
BOSC, NA
STAF, NA
PSTV, NA
ENSV, NA
TYHT, NA
JAN, NA
TMBR, NA
TCCO, NA
SSY, NA
MOSY, NA
KBSF, NA
SNES, NA
HELX, NA
SYN, NA
MTR, Mesa Royalty Trust, rating, Modestly Undervalued, Energy, NO
MTSL, NA
AEHL, NA
NTN, NA
ADME, NA
EMP, NA
RELV, NA
RHE, NA
GSH, GSH, rating, UNK, sector, NO
KNG, NA
TLGT, NA
IGE, NA
TCO, NA
CSM, NA
CCR, NA
EAI, NA
PEX, NA
CLGN, NA
YGYI, NA
YGYIP, NA
QVCC, NA
QVCD, NA
CTBB, NA
CTDD, NA
CTAA, NA