Microsoft, 91%, Significantly Overvalued, Technology, NO
NA
NA
NA
NA
NA
Alibaba, 95%, Significantly Undervalued, Consumer Cyclical, NO
NA
NA
NA
NA
Taiwan Semiconductor Manufacturing, 94%, Significantly Overvalued, Technology, NO
NA
NA
NA
Johnson & Johnson, 67%, Fairly Valued, Healthcare, NO
Walmart, 74%, Fairly Valued, Consumer Defensive, NO
NA
NA
NA
NA
NA
NA
NA
Home Depot, 70%, Fairly Valued, Consumer Cyclical, NO
NA
NA
Intel, 37%, Fairly Valued, Technology, NO
NA
NA
NA
NA
NA
NA
NA
NA
NA
NA
NA
NA
NA
Novartis, 65%, Modestly Undervalued, Healthcare, NO
NA
NA
NA
NA
NA
NA
AbbVie, 76%, Fairly Valued, Healthcare, NO
NA
NA
NA
NA
Thermo Fisher Scientific, 77%, Modestly Overvalued, Healthcare, NO
BHP Billiton, rating, Modestly Overvalued, Basic Materials, NO
NA
NA
NA
Accenture, 53%, Modestly Overvalued, Technology, NO
NA
NA
NA
Texas Instruments, 43%, Significantly Overvalued, Technology, NO
NA
NA
NA
SAP, 55%, Modestly Undervalued, Technology, NO
NA
JD.com, 91%, Significantly Overvalued, Consumer Cyclical, NO
Qualcomm, 67%, Modestly Overvalued, Technology, NO
NA
NA
NA
NA
NA
NA
NA
Costco, 68%, Fairly Valued, Consumer Defensive, NO
NA
NA
Rio Tinto, 41%, Modestly Overvalued, Basic Materials, NO
NA
NA
NA
Sony, 84%, Significantly Overvalued, Technology, NO
NA
NA
NA
NA
NA
NA
AstraZeneca, 88%, Modestly Undervalued, Healthcare, NO
Novo Nordisk, 48%, Fairly Valued, Healthcare, NO
NA
NA
NA
NA
NA
NA
NA
NA
NA
NA
NA
NA
Lowe's, 72%, Fairly Valued, Consumer Cyclical, NO
NA
NA
NA
NA
NA
NA
NA
NA
NA
NA
NA
Applied Materials, 79%, Significantly Overvalued, Technology, NO
NA
Micron Technology, 82%, Significantly Overvalued, Technology, NO
NA
NA
NA
NA
NA
AMD, 54%, Significantly Overvalued, Technology, NO
NA
NA
NA
NA
NA
Baidu, 85%, Significantly Overvalued, Communication Services, NO
NA
NA
NA
Target, 71%, Significantly Overvalued, Consumer Defensive, NO
NA
NA
NA
NA
NA
NA
NA
NA
NA
NA
NA
NA
NA
NA
NA
NA
NA
NA
NA
Lam Research, 79%, Significantly Overvalued, Technology, NO
NA
NA
NA
NA
NA
NA
NA
NA
NA
NA
NA
Activision Blizzard, 82%, Modestly Overvalued, Communication Services, NO
NA
NA
NA
NA
NA
NA
NA
NA
NA
NA
NA
NA
NA
NA
NA
failed to do this stock but will do next
NA
NA
failed to do this stock but will do next
NA
NA
NA
NA
NA
NA
NA
NA
NA
failed to do this stock but will do next
NA
NA
NA
NA
NA
NA
NA
NA
failed to do this stock but will do next
NA
NA
Sherwin-Williams, 61%, Modestly Overvalued, Basic Materials, NO
NA
NA
NA
failed to do this stock but will do next
NA
NA
NA
NA
NA
NA
NA
NA
NA
NA
NA
NA
NA
NA
NA
NA
Vertex Pharmaceuticals, 86%, Possible Value Trap Think Twice, Healthcare, NO
NA
NA
NA
NA
NA
NA
NA
NA
NA
NA
NA
NA
NA
NA
Analog Devices, 83%, Significantly Overvalued, Technology, NO
NA
NA
NA
NA
NA
NA
NA
NA
NA
NA
NA
NA
NA
NA
NA
NA
NA
NA
NA
NA
NA
NA
NA
NA
NA
Royal Philips, 71%, Fairly Valued, Healthcare, NO
NA
NA
NA
NA
NA
NA
NA
NA
NA
NA
NA
NA
NA
NA
NA
Groupo Simec, rating, Modestly Overvalued, Basic Materials, NO
NA
Monster, 65%, Fairly Valued, Consumer Defensive, NO
NA
NA
KLA, 45%, Significantly Overvalued, Technology, NO
NA
NA
NA
NA
NA
NA
NA
Dollar General, 75%, Fairly Valued, Consumer Defensive, NO
NA
NA
NA
NA
NA
Thomson Reuters, 50%, Fairly Valued, Industrials, NO
NA
NA
NA
Align Technology, 64%, Significantly Overvalued, Healthcare, NO
NA
NA
NA
NA
NA
NA
NA
NA
NA
NA
NA
NA
NA
NA
NA
NA
NA
NA
NA
NA
NA
NA
NA
NA
NA
NA
NA
NA
NA
NA
NA
NA
NA
NA
NA
NA
NA
NA
Biogen, 35%, Modestly Undervalued, Healthcare, NO
NA
NA
NA
NA
NA
NA
NA
NA
NA
NA
NA
NA
NA
NA
NA
Aptiv, 70%, Significantly Overvalued, Consumer Cyclical, NO
NA
NA
NA
NA
NA
NA
NA
NA
NA
NA
NA
NA
NA
NA
NA
EA, 62%, Fairly Valued, Communication Services, NO
NA
NA
NA
NA
NA
NA
Ericsson, 78%, Fairly Valued, Technology, NO
NA
NA
NA
failed to do this stock but will do next
Mizuho Financial, 27%, Modestly Undervalued, Financial Services, NO
NA
NA
NA
eBay, 39%, Modestly Undervalued, Consumer Cyclical, NO
Simon Property Group, 37%, Modestly Undervalued, Real Estate, NO
NA
NA
NA
NA
NA
NA
NA
NA
NA
NA
failed to do this stock but will do next
NA
NA
NA
NA
NA
NA
failed to do this stock but will do next
NA
NA
NA
failed to do this stock but will do next
NA
NA
NA
NA
NA
Credit Suisse, 57%, Modestly Undervalued, Financial Services, NO
NA
NA
NA
NA
NA
NA
NA
BF.B, rating, Modestly Overvalued, sector, NO
BF.A, rating, Modestly Overvalued, sector, NO
NA
NA
NA
NA
NA
NA
NA
NA
NA
NA
NA
NA
NA
NA
NA
Stmicroelectronics, 65%, Modestly Overvalued, Technology, NO
NA
NA
NA
NA
NA
NA
NA
NA
NA
NA
NA
NA
NA
NA
NA
NA
NA
NA
NA
NA
NA
NA
NA
NA
NA
NA
NA
NA
NA
NA
NA
NA
NA
NA
Skyworks, 61%, Significantly Overvalued, Technology, NO
NA
NA
NA
NA
Canon, 13%, Fairly Valued, Technology, NO
NA
NA
NA
NA
NA
NA
NA
NA
NA
NA
NA
NA
NA
NA
NA
NA
NA
NA
Liberty Media, 100%, Modestly Undervalued, Communication Services, NO
NA
ResMed, 33%, Modestly Overvalued, Healthcare, NO
NA
NA
NA
NA
NA
NA
NA
NA
NA
NA
NA
NA
NA
NA
NA
NA
NA
NA
NA
NA
NA
NA
Fastenal, 13%, Modestly Overvalued, Industrials, NO
NA
NA
NA
Royalty Pharma, 50%, UNK, Healthcare, NO
NA
NA
NA
NA
NA
NA
NA
Weyerhaeuser, 64%, Fairly Valued, Real Estate, NO
NA
Copart, 80%, Modestly Overvalued, Industrials, NO
NA
NA
NA
Keysight Technologies, 85%, Significantly Overvalued, Technology, NO
NA
NA
NA
American Water, 43%, Fairly Valued, Utilities, NO
NA
NA
NA
NA
NA
NA
NA
NA
NA
NA
NA
NA
NA
NA
NA
NA
NA
Maxim Integrated, 12%, Significantly Overvalued, Technology, NO
NA
NA
NA
NA
NA
NA
NA
NA
NA
NA
Garmin, 33%, Modestly Overvalued, Technology, NO
NA
LabCorp, 83%, Fairly Valued, Healthcare, NO
NA
NA
Telkom Indonesia, 94%, Modestly Undervalued, Communication Services, NO
NA
NA
NA
NA
NA
NA
MKC.V, rating, Fairly Valued, sector, NO
NA
NA
NA
NA
NA
NA
NA
NA
NA
NA
NA
NA
VeriSign, rating, Fairly Valued, Technology, NO
NA
NA
CDW, 67%, Significantly Overvalued, Technology, NO
NA
NA
NA
Alexandria Real Estate Equities, 92%, Fairly Valued, Real Estate, NO
NA
NA
NA
NA
NA
NA
United Microelectronics, 71%, Significantly Overvalued, Technology, NO
NA
NA
NA
NA
NA
NA
NA
NA
NA
Arista, 61%, Fairly Valued, Technology, NO
NA
NA
NA
NA
NA
NA
NA
NA
NA
NA
NA
NA
NA
NA
NA
NA
NA
NA
NA
NA
NA
NA
NA
NA
Take-Two Interactive Software, 59%, Fairly Valued, Communication Services, NO
NA
NA
NA
NA
NA
NA
NA
NA
NA
NA
NA
NA
NA
NA
NA
Teradyne, 61%, Significantly Overvalued, Technology, NO
NA
NA
NA
NA
NA
NA
NA
NA
NA
NA
NA
NA
NA
NA
failed to do this stock but will do next
NA
NA
NA
Amphenol, 56%, Modestly Overvalued, Technology, NO
NA
NA
NA
NA
Tractor Supply, 45%, Modestly Overvalued, Consumer Cyclical, NO
NA
NA
NA
NA
NA
NA
NA
NA
NA
NA
NA
NA
NA
NA
NA
NA
NA
NA
NA
NA
NA
Bio-Rad Laboratories, rating, Significantly Overvalued, Healthcare, NO
NA
NA
NA
SS&C Technologies, 65%, Fairly Valued, Technology, NO
NA
Smith & Nephew, 53%, Fairly Valued, Healthcare, NO
NA
NA
NA
NA
NA
NA
NA
NA
NA
Waters, 0%, Fairly Valued, Healthcare, NO
NA
Broadridge, 44%, Fairly Valued, Technology, NO
NA
NA
NA
NA
NA
NA
NA
Extra Space Storage, 71%, Fairly Valued, Real Estate, NO
NA
NA
NA
NA
NA
NA
NA
NA
NA
NA
NA
NA
NA
NA
Logitech, 64%, Modestly Overvalued, Technology, NO
NA
NA
NA
NA
NA
NA
NA
NA
NA
NA
ASE Technology, 95%, Modestly Overvalued, Technology, NO
NA
NA
NA
NA
NA
NA
NA
NA
NA
NA
NA
NA
NA
NA
NA
NA
NA
NA
NA
NA
NA
NA
NA
NA
NA
failed to do this stock but will do next
NA
NA
NA
NA
NA
NA
NA
NA
NA
NA
NA
NA
NA
NA
NA
NA
failed to do this stock but will do next
NA
NA
NA
NA
NA
NA
NA
NA
PerkinElmer, 40%, Fairly Valued, Healthcare, NO
NA
NA
NA
NA
NA
NA
NetApp, 46%, Fairly Valued, Technology, NO
Charles River, 78%, Significantly Overvalued, Healthcare, NO
NA
NA
NA
NA
NA
failed to do this stock but will do next
NA
NA
NA
NA
NA
NA
NA
NA
NA
NA
NA
NA
NA
NA
NA
NA
NA
NA
NA
NA
NA
NA
NA
NA
NA
NA
NA
NA
NA
NA
NA
NA
NA
NA
SCP Pool, 50%, Modestly Overvalued, Consumer Cyclical, NO
NA
NA
Autohome, 71%, Fairly Valued, Communication Services, NO
NA
NA
NA
NA
NA
NA
NA
NA
NA
NA
NA
NA
NA
NA
NA
NA
NA
NA
NA
Domino's, 52%, Modestly Undervalued, Consumer Cyclical, NO
NA
NA
NA
NA
NA
NA
NA
NA
NA
NA
NA
NA
NA
NA
NA
Medical Properties Trust, 85%, Fairly Valued, Real Estate, NO
NA
NA
NA
NA
NA
Weibo, 55%, Fairly Valued, Communication Services, NO
NA
NA
NA
NA
NA
NA
NA
NA
NA
NA
NA
NA
NA
NA
W.P. Carey, 38%, Fairly Valued, Real Estate, NO
NA
NA
NA
NA
NA
NA
NA
NA
NA
NA
NA
NA
NA
NA
NA
NA
NA
NA
NA
NA
NA
Quanta, 79%, Significantly Overvalued, Industrials, NO
NA
NA
NA
NA
NA
NA
NA
NA
NA
NA
NA
NA
NA
Scotts Miracle-Gro, 43%, Significantly Overvalued, Basic Materials, NO
Graco, 27%, Significantly Overvalued, Industrials, NO
NA
NA
NA
NA
NA
NA
Fidelity National Financial, 83%, Modestly Undervalued, Financial Services, NO
NA
NA
NA
NA
failed to do this stock but will do next
Qiagen, 47%, Fairly Valued, Healthcare, NO
NA
Cable One, rating, Modestly Overvalued, Communication Services, NO
NA
NA
NA
failed to do this stock but will do next
Toro, 33%, Modestly Overvalued, Industrials, NO
NA
NA
NA
Booz Allen Hamilton, 50%, Fairly Valued, Industrials, NO
NA
NA
NA
NA
NA
NA
NA
NA
NA
NA
NA
NA
NA
NA
NA
NA
NA
NA
NA
NA
NA
Aspen Technology, 56%, Fairly Valued, Technology, NO
failed to do this stock but will do next
failed to do this stock but will do next
NA
NA
Gaming & Leisure Properties, 88%, Fairly Valued, Real Estate, NO
NA
NA
NA
NA
NA
NA
NA
NA
NA
NA
NA
NA
NA
Williams-Sonoma, 18%, Significantly Overvalued, Consumer Cyclical, NO
NA
NA
NA
NA
NA
NA
NA
NA
NA
NA
NA
NA
NA
NA
NA
NA
NA
NA
NA
NA
NA
NA
NA
ICON plc, 53%, Fairly Valued, Healthcare, NO
NA
NA
NA
JOYY Inc. American Depositary Shares, 100%, Significantly Overvalued, Communication Services, NO
NA
NA
NA
NA
NA
NA
NA
NA
NA
Watsco, 10%, Modestly Overvalued, Industrials, NO
Jazz Pharmaceuticals, 94%, Fairly Valued, Healthcare, NO
NA
NA
NA
NA
NA
NA
NA
NA
NA
NA
NA
NA
NA
NA
NA
NA
NA
NA
NA
NA
NA
NA
Deckers Outdoor, 93%, Significantly Overvalued, Consumer Cyclical, NO
NA
NA
NA
Neurocrine, 65%, Possible Value Trap Think Twice, Healthcare, NO
NA
NA
NA
NA
NA
NA
Robert Half, 38%, Significantly Overvalued, Industrials, NO
NA
NA
NA
NA
NA
NA
NA
NA
NA
Gentex, 50%, Significantly Overvalued, Consumer Cyclical, NO
STORE Capital, 40%, Fairly Valued, Real Estate, NO
NA
NA
NA
NA
NA
NA
NA
NA
NA
NA
NA
NA
NA
NA
NA
NA
NA
NA
NA
Flex, 64%, Significantly Overvalued, Technology, NO
NA
MKS Instruments, 80%, Modestly Overvalued, Technology, NO
NA
RenaissanceRe, 36%, Significantly Undervalued, Financial Services, NO
NA
NA
NA
NA
NA
NA
NA
NA
NA
NA
NA
NA
NA
NA
failed to do this stock but will do next
NA
NA
Service Corporation International, rating, Fairly Valued, Consumer Cyclical, NO
NA
NA
NA
Bancolombia, 0%, Modestly Undervalued, Financial Services, NO
NA
NA
NA
NA
Encompass Health, 92%, Fairly Valued, Healthcare, NO
NA
NA
NA
NA
NA
NA
First Solar, 22%, Modestly Overvalued, Technology, NO
NA
NA
NA
NA
NA
NA
NA
NA
NA
NA
NA
NA
NA
Ciena, 79%, Modestly Overvalued, Technology, NO
NA
NA
NA
NA
NA
NA
NA
NA
NA
NA
NA
NA
Syneos Health, 73%, Significantly Overvalued, Healthcare, NO
NA
NA
NA
NA
National Retail Properties, 33%, Fairly Valued, Real Estate, NO
NA
NA
NA
failed to do this stock but will do next
NA
NA
NA
NA
NA
NA
NA
United Therapeutics, 80%, Significantly Overvalued, Healthcare, NO
NA
NA
NA
NA
NA
NA
NA
NA
NA
NA
NA
NA
NA
NA
NA
NA
NA
NA
NA
NA
NA
NA
NA
NA
NA
NA
Tetra Tech, 63%, Significantly Overvalued, Industrials, NO
NA
Chemed, rating, Fairly Valued, Healthcare, NO
NA
NA
Hill-Rom, 88%, Fairly Valued, Healthcare, NO
NA
NA
NA
NA
NA
failed to do this stock but will do next
NA
NA
NA
NA
NA
NA
NA
NA
NA
NA
NA
NA
NA
NA
NA
NA
NA
NA
NA
NA
NA
NA
NA
NA
NA
NA
NA
NA
NA
NA
Lumentum, 93%, Modestly Overvalued, Technology, NO
NA
Pan American Silver, 70%, Significantly Overvalued, Basic Materials, NO
NA
NA
NA
NA
NA
NA
NA
NA
NA
NA
NA
NA
NA
Quidel, 67%, Modestly Undervalued, Healthcare, NO
NA
NA
NA
NA
NA
failed to do this stock but will do next
NA
NA
NA
NA
NA
NA
NA
NA
NA
NA
NA
NA
NA
NA
NA
NA
NA
NA
NA
NA
NA
NA
NA
NA
NA
failed to do this stock but will do next
NA
NA
NA
NA
NA
NA
NA
NA
NA
LoanDepot, rating, UNK, Financial Services, NO
NA
NA
NA
NA
NA
NA
NA
NA
NA
Affiliated Managers, 40%, Significantly Overvalued, Financial Services, NO
NA
NA
NA
NA
NA
NA
NA
NA
NA
NA
NA
NA
NA
NA
NA
NA
NA
NA
NA
NA
NA
NA
NA
NA
NA
NA
failed to do this stock but will do next
NA
NA
Corelogic, 0%, Significantly Overvalued, Technology, NO
NA
failed to do this stock but will do next
NA
NA
NA
NA
NA
NA
YETI, 71%, UNK, Consumer Cyclical, NO
NA
NA
NA
NA
NA
NA
NA
NA
NA
NA
NA
NA
NA
NA
NA
National Instruments, 17%, Fairly Valued, Technology, NO
NA
NA
NA
First American, 67%, Modestly Undervalued, Financial Services, NO
NA
NA
NA
NA
NA
NA
NA
NA
NA
CACI, 79%, Modestly Undervalued, Technology, NO
NA
NA
NA
Blueprint Medicines, 64%, Possible Value Trap Think Twice, Healthcare, NO
NA
NA
NA
NA
NA
NA
NA
NA
NA
NA
NA
NA
NA
NA
NA
BJs, 60%, UNK, Consumer Defensive, NO
NA
NA
NA
NA
NA
NA
NA
NA
NA
NA
NA
NA
NA
TriNet, rating, Significantly Overvalued, Industrials, NO
SunPower, 19%, Significantly Overvalued, Technology, NO
NA
NA
NA
NA
NA
NA
NA
Virtu Financial, 45%, Modestly Undervalued, Financial Services, NO
NA
NA
NA
Amkor Technology, rating, Significantly Overvalued, Technology, NO
NA
NA
NA
failed to do this stock but will do next
NA
NA
NA
NA
NA
NA
NA
NA
NA
NA
NA
NA
NA
Crocs, 70%, Significantly Overvalued, Consumer Cyclical, NO
SolarWinds, 36%, UNK, Technology, NO
NA
NA
NA
NA
NA
NA
NA
Valmont, 50%, Significantly Overvalued, Industrials, NO
NA
NA
NA
NA
NA
NA
NA
NA
Emergent BioSolutions, 57%, Modestly Undervalued, Healthcare, NO
NA
Acadia Healthcare, 58%, Significantly Overvalued, Healthcare, NO
NA
NA
NA
NA
NA
NA
Allegro MicroSystems,, 100%, UNK, Technology, NO
NA
NA
NA
NA
NA
NA
CMC Materials, 33%, Fairly Valued, Technology, NO
NA
NA
NA
MSC Industrial Direct, 15%, Modestly Overvalued, Industrials, NO
NA
NA
NA
Qurate Retail Series A, rating, Modestly Undervalued, Consumer Cyclical, NO
Qurate Retail Series B, rating, Modestly Undervalued, Consumer Cyclical, NO
NA
NA
NA
NA
Grand Canyon Education, rating, Fairly Valued, Consumer Defensive, NO
NA
NA
AppFolio, rating, Fairly Valued, Technology, NO
NA
NA
NA
NA
NA
NA
NA
NA
failed to do this stock but will do next
NA
NA
NA
NA
NA
NA
NA
Synaptics, 69%, Significantly Overvalued, Technology, NO
NA
NA
NA
NA
failed to do this stock but will do next
NA
NA
China Biologic Products, rating, Modestly Overvalued, Healthcare, 2021-03-10
NA
NA
NA
NA
NA
NA
NA
NA
NA
NA
NA
NA
NA
NA
NA
Cirrus Logic, 64%, Modestly Overvalued, Technology, NO
NA
NA
NA
NA
NA
NA
NA
NA
NA
NA
NA
NA
Sage Therapeutics, 62%, UNK, Healthcare, NO
NA
NA
NA
NA
NA
NA
NA
NA
NA
NA
NA
NA
NA
NA
NA
NA
NA
NA
NA
NA
Ensign Group, rating, Significantly Overvalued, Healthcare, NO
NA
Wendy's, 59%, Modestly Undervalued, Consumer Cyclical, NO
NA
NA
failed to do this stock but will do next
NA
NA
51job, rating, Fairly Valued, Industrials, NO
NA
NA
NA
NA
NA
NA
NA
NA
NA
NA
NA
NA
NA
NA
NA
NA
NA
NA
NA
NA
NA
NA
NA
NA
NA
NA
NA
NA
NA
NA
NA
NA
failed to do this stock but will do next
NA
NA
NA
NA
NA
NA
NA
NA
failed to do this stock but will do next
NA
NA
NA
NA
NA
NA
NA
NA
NA
NA
NA
NA
Premier, 50%, Fairly Valued, Healthcare, NO
NA
NA
Agree Realty, 100%, Fairly Valued, Real Estate, NO
NA
NA
NA
NA
PNM Resources, 0%, Fairly Valued, Utilities, NO
NA
NA
NA
NA
NA
NA
NA
NA
NA
NA
NA
NA
NA
NA
NA
NA
NA
NA
NA
NA
NA
NA
Aerojet Rocketdyne, rating, Modestly Overvalued, Industrials, NO
NA
NA
NA
NA
NA
NA
NA
NA
NA
NA
NA
NA
NA
NA
NA
NA
NA
NA
NA
NA
Advanced Energy, 60%, Modestly Undervalued, Industrials, NO
NA
NA
NA
NA
NA
NA
NA
NA
NA
NA
NA
NA
NA
NA
NA
NA
Enersys, rating, Modestly Overvalued, Industrials, NO
failed to do this stock but will do next
NA
NA
NA
Triton, rating, Significantly Overvalued, Industrials, NO
TTEC Holdings, 63%, Significantly Overvalued, Technology, NO
NA
NA
NA
NA
NA
Ultrapar Participacoes, 70%, Modestly Undervalued, Energy, NO
NA
NA
NA
NA
NA
NA
failed to do this stock but will do next
NA
NA
NA
NA
NA
NA
NA
NA
NA
NA
NA
NA
NA
NA
NA
NA
NA
NA
NA
NA
White Mountains Insurance, rating, Possible Value Trap Think Twice, Financial Services, NO
NA
Intercorp Financial Services, 63%, Significantly Undervalued, Financial Services, NO
NA
NA
NA
NA
NA
NA
NA
NA
NA
NA
NA
NA
NA
NA
NA
NA
NA
NA
NA
NA
NA
NA
NA
NA
NA
NA
NA
NA
NA
NA
Taylor Morrison Home, 67%, Fairly Valued, Consumer Cyclical, NO
NA
CEMIG, 63%, Modestly Undervalued, Utilities, NO
CEMIG, 63%, Fairly Valued, sector, NO
NA
NA
NA
NA
NA
NA
NA
NA
NA
NA
NA
NA
NA
GYC, rating, UNK, sector, NO
NA
NA
NA
NA
NA
NA
NA
NA
NA
NA
NA
NA
NA
NA
NA
NA
NA
NA
NA
NA
LCI Industries, 86%, Modestly Overvalued, Consumer Cyclical, NO
iRobot, 25%, Modestly Overvalued, Technology, NO
NA
NA
NA
NA
NA
NA
Assured Guaranty, rating, Fairly Valued, Financial Services, NO
NA
NA
NA
NA
NA
NA
NA
NA
NA
NA
NA
NA
NA
NA
Sleep Number, 17%, Significantly Overvalued, Consumer Cyclical, NO
NA
NA
NA
NA
NA
Sensient Technologies, rating, Modestly Overvalued, Basic Materials, NO
NA
NA
NA
NA
Stamps.com, rating, Modestly Undervalued, Technology, NO
360 DigiTech, 100%, UNK, Financial Services, NO
NA
NA
NA
NA
NA
NA
NA
NA
NA
Fabrinet, rating, Significantly Overvalued, Technology, NO
NA
NA
NA
NA
NA
NA
NA
NA
NA
NA
NA
NA
NA
NA
NA
NA
NA
NA
NA
NA
Nuveen Quality Municipal Income Fund, rating, UNK, Financial Services, NO
NA
NA
NA
NA
NA
NA
NA
NA
NA
Banco Santander, 47%, Significantly Undervalued, Financial Services, NO
NA
Vishay, 43%, Significantly Overvalued, Technology, NO
NA
NA
NA
NA
NA
NA
NA
MediaAlpha, 50%, UNK, Communication Services, NO
GrafTech, rating, UNK, Industrials, NO
NA
NA
NA
NA
NA
NA
NA
NA
NA
NA
Pacira BioSciences, 57%, Significantly Overvalued, Healthcare, NO
NA
NA
NA
NA
NA
NA
NA
NA
BlackRock Science and Technology, rating, UNK, , NO
NA
NA
NA
NA
NA
NA
NA
NA
NA
Rent-A-Center, 71%, Significantly Overvalued, Industrials, NO
NA
NA
Tower Semiconductor, rating, Modestly Overvalued, Technology, NO
NA
NA
NA
NA
NA
NA
NA
NA
NA
NA
Renewable Energy Group, 88%, Significantly Overvalued, Energy, NO
NA
NA
NA
NA
NA
Kratos Defense & Security Solutions, 30%, Significantly Overvalued, Industrials, NO
NA
NA
NA
NA
CarGurus, 62%, Significantly Undervalued, Communication Services, NO
NA
NA
NA
NA
NA
NA
NA
NA
Corsair Gaming, 78%, UNK, Technology, NO
NA
NA
NA
NA
NA
NA
PriceSmart, rating, Significantly Overvalued, Consumer Defensive, NO
NA
NA
NA
NA
NA
NA
Turquoise Hill Resources, 57%, Fairly Valued, Basic Materials, NO
Medifast, rating, Fairly Valued, Consumer Cyclical, NO
NA
Freedom Holding, rating, Significantly Overvalued, Financial Services, NO
Graham Holdings, rating, Modestly Undervalued, Consumer Defensive, NO
NA
NA
NA
NA
NA
NA
NA
NA
NA
NA
NA
NA
NA
NA
NA
NA
NA
Jeld-Wen, 27%, Modestly Overvalued, Industrials, NO
NA
NA
NA
NA
NA
NA
NA
NA
NA
NA
NA
NA
NA
NA
NA
NA
Prospect Capital, rating, UNK, Financial Services, NO
NA
NA
NA
NA
NA
NA
NA
NA
NA
NA
NA
NA
NA
NA
NA
NA
NA
Kulicke & Soffa, rating, Significantly Overvalued, Technology, NO
NA
NA
Noah Holdings, 57%, Modestly Undervalued, Financial Services, NO
NA
NA
NA
NA
NA
NA
NA
NA
NA
NA
NA
NA
NA
NA
NA
Gibraltar Industries, rating, Significantly Overvalued, Industrials, NO
NA
NA
NA
NA
NA
NA
NA
NA
NA
NA
NA
NA
failed to do this stock but will do next
NA
NA
NA
NA
NA
NA
American States Water, rating, Modestly Undervalued, Utilities, NO
NA
NA
NA
InMode, rating, UNK, Healthcare, NO
NA
NA
NA
NA
NA
NA
NA
NA
NA
NA
NA
NA
NA
NA
failed to do this stock but will do next
NA
NA
NA
NA
NA
NA
NA
NA
NA
NA
NA
NA
NA
NA
NA
WSFS, rating, Modestly Overvalued, Financial Services, NO
NA
NA
NA
NA
NA
failed to do this stock but will do next
NA
PJT Partners, rating, Fairly Valued, Financial Services, NO
NA
NA
NA
NA
NA
NA
NA
NA
NA
NA
NA
NA
NA
NA
NA
NA
NA
NA
NA
NA
NA
NA
NA
NA
NA
NA
NA
NA
NA
NA
NA
NA
Canadian Solar, 63%, Significantly Overvalued, Technology, NO
NA
failed to do this stock but will do next
NA
NA
Owens & Minor, 43%, Significantly Overvalued, Healthcare, NO
NA
NA
NA
NA
NA
NA
NA
NA
NA
NA
NA
NA
NA
NA
NA
NA
NA
NA
NA
NA
NA
Pubmatic, rating, UNK, Technology, NO
NA
NA
NA
NA
NA
AKO.B, rating, Modestly Undervalued, sector, NO
NA
NA
NA
Big Lots, 30%, Significantly Overvalued, Consumer Defensive, NO
NIC, rating, Significantly Overvalued, Technology, NO
NA
NA
NA
NA
NA
NA
Jack In The Box, 67%, Modestly Undervalued, Consumer Cyclical, NO
Live Oak Bank, rating, Significantly Overvalued, Financial Services, NO
NA
NA
NA
NA
NA
NA
NA
NA
NA
NA
NA
NA
NA
NA
NA
NA
NA
NA
NA
NA
NA
NA
NA
NA
NA
NA
NA
NA
NA
NA
NA
NA
NA
NA
NA
NA
NA
NA
NA
NA
NA
NA
NA
NA
NA
NA
NA
NA
NA
NA
NA
NA
NA
NA
NA
NA
NA
NA
NA
NA
NA
NA
NA
NA
NA
NA
NA
NA
Meritor, rating, Significantly Overvalued, Consumer Cyclical, NO
NA
NA
NA
NA
NA
NA
NA
NA
NA
NA
NA
NA
NA
NA
NA
NA
NA
NA
NA
failed to do this stock but will do next
NA
NA
NA
NA
NA
NA
NA
NA
NA
NA
NA
NA
NA
NA
NA
NA
NA
NA
NA
SciPlay, 67%, UNK, Communication Services, NO
NA
NA
NA
Ameresco, 86%, Significantly Overvalued, Industrials, NO
Silicon Motion, 58%, Modestly Overvalued, Technology, NO
NA
NA
NA
NA
NA
NA
NA
NA
NA
NA
NA
NA
NA
NA
NA
NA
NA
NA
NA
NA
NA
NA
NA
NA
NA
NA
NA
NA
NA
NA
NA
NA
NA
NA
NA
NA
Strategic Education, rating, Possible Value Trap Think Twice, Consumer Defensive, NO
NA
NA
NA
OSB, rating, Modestly Overvalued, sector, NO
NA
NA
NA
NA
Himax, rating, Significantly Overvalued, Technology, NO
NA
NA
NA
Bachoco, rating, Modestly Undervalued, Consumer Defensive, NO
NA
NA
NA
NA
NA
B&G Foods, 9%, Fairly Valued, Consumer Defensive, NO
Arbor Realty Trust, rating, Significantly Overvalued, Real Estate, NO
NA
NA
NA
NA
NA
NA
NA
NA
NA
NA
NA
NA
NA
Jinko Solar, 38%, Significantly Overvalued, Technology, 2021-03-11
NA
NA
NA
NA
La-Z-Boy, rating, Significantly Overvalued, Consumer Cyclical, NO
NA
NA
NA
NA
NA
NA
NA
NA
NA
NA
NA
NA
LexinFintech, 92%, Possible Value Trap Think Twice, Financial Services, NO
Criteo, 53%, Significantly Overvalued, Communication Services, NO
NA
NA
NA
NA
NA
NA
failed to do this stock but will do next
NA
NA
NA
NA
NA
NA
NA
Buckle, rating, Significantly Overvalued, Consumer Cyclical, 2021-03-12
NA
NA
NA
NA
NA
Virtus Investment, rating, Significantly Overvalued, Financial Services, NO
NA
NA
NA
Ultra Clean, 100%, Significantly Overvalued, Technology, NO
NA
NA
NA
NA
NA
NA
NA
NA
NA
NA
NA
NA
NA
NA
NA
NA
NA
NA
NA
NA
NA
SJW, rating, Fairly Valued, Utilities, NO
NA
NA
Hercules Capital, 100%, Modestly Undervalued, Financial Services, NO
NA
NA
NA
1-800-Flowers, 86%, Modestly Overvalued, Consumer Cyclical, NO
GCP Applied Technologies, rating, Modestly Overvalued, Basic Materials, NO
NA
NA
NA
NA
NA
NA
NA
NA
NA
NA
NA
failed to do this stock but will do next
NA
NA
NA
NA
NA
NA
NA
NA
NA
NA
NA
NA
NA
NA
NA
NA
NA
Vista Outdoor, 100%, Significantly Overvalued, Consumer Cyclical, NO
NA
NA
NA
NA
NA
NA
NA
NA
NA
NA
NA
NA
NA
NA
NA
NA
NA
NA
NA
NA
NA
NA
NA
Workhorse, 43%, Possible Value Trap Think Twice, Consumer Cyclical, NO
NA
NA
NA
NA
NA
NA
NA
NA
NA
NA
NA
NA
NA
NA
NA
NA
NA
NA
NA
NA
NA
NA
NA
NA
NA
NA
NA
NA
NA
failed to do this stock but will do next
NA
NA
NA
NA
NA
NA
NA
NA
NA
Rattler Midstream, 36%, UNK, Energy, NO
NA
NA
NA
NA
NA
NA
NA
NA
NA
BGC Partners, rating, Fairly Valued, Financial Services, NO
NA
NA
NA
NA
NA
NA
NA
NA
NA
NA
NA
NA
NA
NA
NA
Endo, 21%, Significantly Overvalued, Healthcare, NO
NA
NA
NA
NA
NA
NA
NA
NA
NA
NA
NA
NA
Fortuna Silver Mines, 14%, Significantly Overvalued, Basic Materials, NO
NA
NA
NA
NA
NA
NA
NA
Delek Logistics, rating, Significantly Overvalued, Energy, NO
NA
NA
NA
FinVolution Group, rating, Modestly Undervalued, Financial Services, 2021-03-11
Home Point Capital, 80%, UNK, Financial Services, NO
NA
NA
Hailiang Education Group, rating, Modestly Undervalued, Consumer Defensive, 2021-03-10
NA
NA
B. Riley Financial, rating, Significantly Overvalued, Financial Services, NO
NA
NA
NA
NA
NA
NA
NA
NA
NA
NA
NA
NA
NA
NA
NA
NA
NA
NA
NA
NA
NA
NA
NA
Construction Partners, 83%, UNK, Industrials, NO
NA
NA
NA
NA
NA
NA
NA
NA
NA
NA
NA
NA
NA
NA
NA
NA
NA
NA
NA
NA
NA
NA
NA
NA
NA
NA
NA
NA
NA
NA
NA
Banco Macro, 13%, Fairly Valued, Financial Services, NO
NA
NA
NA
NA
NA
NA
NA
NA
NA
Opera, rating, UNK, Technology, NO
NA
NA
NA
NA
NA
NA
NA
NA
NA
NA
NA
NA
NA
NA
NA
NA
NA
NA
NA
NA
NA
NA
NA
NA
NA
NA
NA
NA
NA
NA
NA
NA
NA
NA
NA
NA
NA
Grupo Financiero Galicia, 0%, Modestly Overvalued, Financial Services, NO
NA
NA
NA
NA
NA
NA
NA
NA
FBL Financial, rating, Fairly Valued, Financial Services, NO
NA
NA
BlackRock Taxable Municipal Bond Trust, rating, Possible Value Trap Think Twice, Financial Services, NO
NA
NA
NA
NA
NA
NA
NA
NA
NA
NA
NA
NA
NA
NA
eHealth, 62%, Possible Value Trap Think Twice, Financial Services, NO
NA
NA
NA
NA
NA
NA
NA
NA
NA
NA
NA
NA
NA
NA
NA
NA
NA
NA
NA
NA
Broadmark Realty Capital, rating, UNK, Real Estate, NO
NA
NA
NA
NA
NA
Supernus Pharmaceuticals, rating, Significantly Undervalued, Healthcare, NO
Systemax, rating, Modestly Overvalued, Industrials, NO
NA
NA
NA
NA
NA
NA
NA
NA
NA
NA
Apollo Medical, rating, Fairly Valued, Healthcare, NO
NA
NA
NA
NA
NA
NA
NA
NA
NA
NA
NA
NA
NA
NA
NA
NA
NA
NA
NA
NA
NA
NA
NA
Trillium Therapeutics, 100%, UNK, Healthcare, NO
failed to do this stock but will do next
NA
NA
NA
Cango, rating, UNK, Communication Services, 2021-03-12
Textainer, rating, Significantly Overvalued, Industrials, NO
NA
NA
NA
NA
NA
NA
NA
NA
NA
BlackRock Science & Technology Trust, rating, UNK, Financial Services, NO
NA
NA
NA
NA
NA
NA
NA
NA
NA
NA
NA
NA
NA
NA
NA
NA
NA
NA
NA
NA
NA
NA
NA
NA
NA
NA
NA
NA
NA
PC Connection, rating, Modestly Overvalued, Technology, NO
NA
NA
PBB, rating, UNK, sector, NO
NA
NA
NA
NA
NA
NA
NA
NA
NA
NA
NA
NA
NA
NA
NA
NA
NA
NA
NA
NA
NA
NA
NA
Ruger Firearms, rating, Fairly Valued, Industrials, NO
Ribbon Communications, rating, Significantly Overvalued, Communication Services, NO
Netgear, rating, Modestly Undervalued, Technology, NO
NA
NA
NA
NA
NA
Telecom Argentina, 14%, Modestly Overvalued, Communication Services, NO
NA
NA
NA
NA
NA
NA
NA
NA
Coherus BioSciences, 100%, UNK, Healthcare, NO
NA
NA
NA
NA
NA
NA
NA
NA
NA
NA
NA
NA
NA
NA
NA
NA
NA
failed to do this stock but will do next
NA
NA
NA
NA
NA
NA
NA
NA
NA
NA
NA
NA
NA
NA
NA
NA
NA
NA
NA
NA
NA
NA
NA
NA
NA
NA
NA
NA
NA
NA
NA
NA
NA
Eaton Vance Enhanced Equity Income Fund II, rating, Modestly Undervalued, Financial Services, NO
NA
NA
NA
NA
NA
NA
NA
NA
NA
NA
NA
NA
NA
NA
NA
Calamos Convertible & High Income Fund, rating, Possible Value Trap Think Twice, Financial Services, NO
NA
NA
NA
NA
NA
NA
NA
NA
NA
NA
NA
NA
NA
NA
NA
Nuveen NASDAQ 100 Dynamic Overwrite Fund, rating, UNK, Financial Services, NO
NA
NA
NA
NA
NA
NA
NA
NA
NA
NA
NA
NA
NA
NA
NA
NA
NA
NA
NA
NA
NA
NA
NA
NA
NA
NA
NA
NA
NA
Tekla Healthcare Investors, rating, UNK, Financial Services, NO
NA
NA
NA
NA
NA
NA
NA
NA
NA
NA
NA
NA
NA
NA
NA
NA
NA
NA
NA
NA
NA
NA
NA
NA
NA
NA
NA
NA
NA
NA
NA
NA
NA
NA
NA
NA
NA
NA
Hibbett Sports, rating, Significantly Overvalued, Consumer Cyclical, NO
NA
NA
NA
NA
Great Lakes Dredge & Dock, rating, Significantly Overvalued, Industrials, NO
NA
NA
NA
NA
Reinvent Technology Partners, rating, UNK, Financial Services, NO
NA
NA
BlackRock MuniYield Quality Fund III, rating, UNK, Financial Services, NO
NA
NA
NA
NA
NA
NA
NA
NA
NA
NA
NA
NA
Eaton Vance Municipal Bond Fund, rating, UNK, Financial Services, NO
NA
NA
NA
Suburban Propane, rating, Modestly Undervalued, Utilities, NO
AudioCodes, 67%, Significantly Overvalued, Technology, NO
NA
NA
NA
NA
NA
NA
NA
Guild, rating, UNK, Financial Services, NO
NA
NA
NA
NA
NA
NA
NA
NA
NA
NA
Turning Point Brands, rating, Modestly Overvalued, Consumer Defensive, NO
NA
NA
NA
NA
NA
NA
Kamada, rating, Fairly Valued, Healthcare, NO
NA
NA
NA
NA
NA
NA
NA
NA
NA
NA
NA
NA
NA
NA
NA
NA
NA
NA
NA
Silvercorp Metals, rating, Significantly Overvalued, Basic Materials, NO
NA
NA
Smith & Wesson Brands, 67%, Significantly Overvalued, Industrials, NO
NA
NA
NA
NA
NA
NA
NA
NA
NA
NA
NA
NA
NA
NA
NA
Orthofix Medical, 50%, Fairly Valued, Healthcare, NO
NA
NA
NA
Hollysys Automation Technologies, rating, Modestly Undervalued, Industrials, NO
NA
NA
NA
NA
NA
NA
NA
NA
NA
Oaktree Specialty Lending, rating, UNK, Financial Services, NO
NA
NA
NA
NA
NA
NA
NA
NA
NA
NA
NA
NA
Tekla Healthcare Opportunities Fund, rating, UNK, Financial Services, NO
Trean Insurance Group, rating, UNK, Financial Services, NO
NA
NA
NA
NA
NA
NA
NA
NA
NA
NA
NA
NA
NA
NA
NA
NA
NA
NA
NA
NA
NA
NA
NA
NA
NA
NA
NA
NA
NA
NA
NA
NA
NA
Perdoceo Education, rating, Possible Value Trap Think Twice, Consumer Defensive, NO
NA
NA
NA
NA
NA
NA
NA
NA
NA
NA
NA
NA
NA
NA
NA
NA
NA
NA
NA
NA
NA
NA
NA
Danaos, rating, Significantly Overvalued, Industrials, NO
NA
NA
NA
NA
NA
NA
NA
NA
NA
NA
NA
NA
NA
NA
NA
NA
NA
NA
NA
NA
NA
NA
NA
NA
NA
NA
NA
NA
NA
NA
NA
NA
NA
NA
NA
NA
NA
NA
NA
NA
NA
NA
NA
NA
NA
NA
NA
NA
NA
NA
Container Store, rating, Significantly Overvalued, Consumer Cyclical, NO
NA
NA
NA
Magic Software Enterprises, rating, Significantly Overvalued, Technology, 2021-03-08
NA
Bright Scholar Education, rating, Possible Value Trap Think Twice, Consumer Defensive, NO
NA
NA
NA
NA
NA
Virtus AllianzGI Equity & Convertible Income Fund, rating, UNK, Financial Services, NO
NA
NA
NA
NA
NA
NA
NA
NA
NA
NA
NA
NA
Calamos Dynamic Convertible & Income Fund, rating, Possible Value Trap Think Twice, Financial Services, NO
NA
NA
NA
NA
NA
NA
NA
Photronics, rating, Fairly Valued, Technology, NO
NA
NA
NA
NA
NA
NA
NA
failed to do this stock but will do next
NA
NA
NA
NA
CAI, rating, Significantly Overvalued, Industrials, NO
NA
NA
NA
NA
NA
NA
NA
NA
NA
NA
NA
NA
NA
NA
NA
NA
NA
NA
NA
NA
NA
NA
NA
NA
NA
NA
NA
NA
failed to do this stock but will do next
NA
NA
NA
NA
NA
NA
NA
NA
NA
NA
NA
NA
NA
NA
NA
NA
NA
NA
NA
NA
NA
failed to do this stock but will do next
NA
NA
NA
NA
NA
NA
NA
NA
NA
NA
NA
NA
Antares Pharma, rating, Possible Value Trap Think Twice, Healthcare, NO
NA
NA
NA
NA
NA
NA
NA
NA
NA
NA
NA
PetMed Express, rating, Fairly Valued, Healthcare, NO
Lumber Liquidators, 0%, Significantly Overvalued, Consumer Cyclical, NO
NA
NA
NA
NA
NA
NA
NA
NA
Viomi, rating, UNK, Technology, NO
NA
NA
NA
NA
NA
NA
NA
NA
NA
NA
NA
NA
NA
NA
NA
NA
NA
NA
NA
NA
NA
NA
NA
NA
Haverty Furniture, rating, Significantly Overvalued, Consumer Cyclical, NO
HVT.A, rating, Significantly Overvalued, sector, NO
NA
NA
NA
NA
NA
NA
NA
NA
NA
NA
NA
NA
NA
NA
NA
NA
NA
NA
NA
NA
NA
ChannelAdvisor, 67%, Significantly Overvalued, Technology, NO
failed to do this stock but will do next
Casa Systems, 33%, Significantly Undervalued, Technology, NO
NA
NA
NA
NA
NA
NA
NA
NA
NA
NA
NA
NA
NA
Gilat Satellite Networks, rating, Significantly Overvalued, Technology, NO
NA
NA
Loma Negra, rating, Significantly Overvalued, Basic Materials, NO
NA
NA
NA
NA
NA
NA
NA
NA
NA
NA
Invesco California Value Municipal Income Trust, rating, UNK, Financial Services, NO
NA
NA
NA
NA
NA
NA
NA
Nuveen Taxable Municipal Income Fund, rating, UNK, Financial Services, NO
NA
NA
NA
NA
NA
NA
NA
NA
NA
NA
NA
NA
NA
NA
NA
NA
NA
NA
NA
NA
NA
NA
NA
NA
NA
NA
NA
NA
NA
NA
NA
Sterling Construction, rating, Modestly Overvalued, Industrials, NO
NA
NA
NA
NA
NA
NA
NA
NA
NA
NA
NA
NA
NA
NA
NA
NA
NA
NA
NA
NA
NA
NA
NA
NA
NA
NA
NA
NA
NA
NA
NA
NA
NA
NA
NA
NA
NA
NA
NA
NA
NA
NA
NA
NA
NA
NA
NA
Transportadora de Gas del Sur, rating, Modestly Overvalued, Energy, NO
NA
NA
NA
NA
NA
NA
NA
NA
NA
NA
NA
NA
NA
NA
NA
NA
NA
NA
ProSight, rating, UNK, Financial Services, NO
NA
BBVA Argentina, rating, Fairly Valued, Financial Services, NO
NA
NA
NA
NA
NA
NA
NA
NA
NA
NA
NA
NA
NA
NA
NA
NA
NA
NA
NA
NA
NA
NA
NA
NA
NA
NA
NA
NA
XBiotech, rating, UNK, Healthcare, NO
NA
NA
NA
NA
NA
NA
China Online Education Group, rating, Modestly Overvalued, Consumer Defensive, NO
NA
NA
NA
NA
NA
NA
NA
NA
NA
NA
NA
NA
NA
NA
NA
NA
NA
NA
NA
NA
NA
NA
NA
NA
NA
NA
NA
NA
NA
NA
NA
Valhi, rating, Modestly Undervalued, Basic Materials, NO
NA
NA
NA
NA
NA
NA
NA
NA
NA
NA
NA
NA
NA
NA
NA
NA
NA
NA
NA
NA
NA
NA
NA
NA
NA
NA
NA
Virtus AllianzGI Convertible & Income Fund, rating, UNK, Financial Services, NO
NA
NA
NA
NA
NA
NA
American Public Education, rating, Modestly Undervalued, Consumer Defensive, 2021-03-09
NA
NA
NA
NA
NA
NA
NA
NA
NA
NA
NA
NA
NA
NA
NA
NA
NA
NA
NA
NA
NA
WiMi Hologram Cloud, rating, UNK, Communication Services, NO
NA
NA
NA
NA
NA
NA
NA
NA
NA
NA
NA
NA
NA
NA
NA
NA
NA
NA
NA
NA
NA
NA
NA
NA
NA
NA
NA
NA
NA
NA
NA
NA
NA
NA
NA
NA
NA
NA
NA
NA
NA
NA
NA
NA
NA
NA
NA
NA
Dynex Capital, rating, UNK, Real Estate, NO
NA
NA
NA
NA
NA
NA
NA
NA
NA
NA
NA
NA
NA
NA
NA
NA
NA
Daily Journal, rating, Modestly Overvalued, Communication Services, NO
NA
NA
NA
NA
NA
NA
Tekla Life Sciences Investors, rating, UNK, Financial Services, NO
NA
NA
NA
NA
NA
NA
Allied Motion, rating, Fairly Valued, Technology, 2021-03-11
NA
NA
NA
NA
NA
NA
NA
NA
Global Ship Lease, rating, Significantly Overvalued, Industrials, NO
NA
NA
NA
NA
NA
NA
NA
NA
NA
NA
Putnam Municipal Opportunities Trust, rating, UNK, Financial Services, NO
Tekla World Healthcare Fund, rating, UNK, Financial Services, NO
NA
NA
NA
NA
NA
NA
NA
NA
NA
NA
NA
NA
NA
NA
Priority Technology Holdings, rating, UNK, Technology, NO
NA
NA
NA
NA
NA
NA
NA
NA
NA
NA
NA
NA
NA
NA
NA
NA
NA
NA
failed to do this stock but will do next
NA
NA
NA
NA
NA
NA
NA
failed to do this stock but will do next
failed to do this stock but will do next
NA
NA
NA
NA
failed to do this stock but will do next
NA
NA
NA
NA
NA
NA
failed to do this stock but will do next
NA
failed to do this stock but will do next
failed to do this stock but will do next
NA
NA
NA
failed to do this stock but will do next
Computer Programs and Systems, 50%, Modestly Overvalued, Healthcare, NO
NA
NA
NA
NA
NA
NA
NA
NA
NA
NA
NA
NA
NA
NA
NA
NA
NA
NA
NA
NA
NA
NA
NA
NA
NA
NA
NA
NA
NA
NA
NA
Sprague Resources, rating, Significantly Overvalued, Energy, NO
NA
NA
NA
NA
NA
VirnetX, rating, Possible Value Trap Think Twice, Technology, NO
NA
NA
Capital Southwest, 67%, Fairly Valued, Financial Services, NO
NA
NA
NA
NA
NA
NA
NA
NA
NA
NA
NA
NA
NA
NA
NA
Metropolitan Bank, rating, Modestly Undervalued, Financial Services, NO
NA
NA
NA
NA
NA
NA
NA
NA
NA
NA
NA
NA
NA
NA
NA
NA
NA
NA
NA
NA
NA
NA
NA
Yiren Digital, rating, Fairly Valued, Financial Services, NO
NA
NA
BioDelivery, 100%, Modestly Undervalued, Healthcare, 2021-03-10
NA
NA
NA
NA
NA
NA
NA
NA
NA
NA
NA
NA
failed to do this stock but will do next
NA
NA
NA
NA
NA
NA
NA
NA
NA
NA
NA
Retractable Technologies, rating, Significantly Overvalued, Healthcare, NO
NA
NA
NA
NA
NA
NA
NA
NA
NA
NA
NA
NA
NA
NA
NA
NA
NA
Leju Holdings, rating, Fairly Valued, Real Estate, NO
NA
NA
NA
NA
NA
failed to do this stock but will do next
NA
NA
NA
NA
NA
NA
NA
NA
NA
NA
NA
NA
NA
NA
NA
NA
NA
NA
BNY Mellon Strategic Municipal Bond Fund, rating, Significantly Overvalued, Financial Services, NO
NA
NA
NA
NA
NA
NA
NA
NA
NA
NA
Nuveen Enhanced Municipal Value Fund, rating, UNK, Financial Services, NO
NA
NA
NA
NA
NA
NA
NA
NA
NA
NA
NA
NA
NA
NA
NA
NA
NA
LightinTheBox, rating, Significantly Overvalued, Consumer Cyclical, NO
NA
Legacy Housing, rating, UNK, Consumer Cyclical, NO
NA
NA
NA
NA
NA
NA
Virtus AllianzGI Convertible & Income Fund II, rating, UNK, Financial Services, NO
NA
NA
NA
NA
NA
NA
NA
NA
NA
NA
International General Insurance, rating, UNK, Financial Services, NO
NA
NA
NA
NA
NA
NA
NA
NA
NA
NA
NA
NA
NA
NA
Catalyst Pharmaceuticals, rating, UNK, Healthcare, NO
NA
NA
NA
NA
NA
NA
NA
NA
NA
NA
NA
NA
Turtle Beach, 100%, Significantly Overvalued, Technology, NO
NA
NA
NA
NA
NA
NA
NA
NA
NA
NA
NA
NA
NA
NA
NA
NA
NA
NA
NA
NA
NA
NA
NA
NA
NA
NA
NA
NA
NA
NA
NA
Comstock Mining, rating, Significantly Overvalued, Real Estate, NO
NA
NA
NA
NA
NA
NA
NA
NA
NA
NA
NA
NA
NA
NA
NA
NA
NA
NA
failed to do this stock but will do next
failed to do this stock but will do next
NA
NA
NA
NA
failed to do this stock but will do next
NA
NA
NA
NA
NA
NA
NA
NA
NA
NA
NA
NA
BlackRock Munienhanced Fund, rating, UNK, Financial Services, NO
Spark Energy, rating, Significantly Overvalued, Utilities, NO
NA
NA
NA
Co-Diagnostics, rating, UNK, Healthcare, NO
Western Asset High Yield Defined Opportunity Fund, rating, UNK, Financial Services, NO
NA
NA
NA
NA
NA
NA
NA
NA
NA
NA
NA
NA
NA
NA
NA
NA
NA
NA
NA
NA
NA
NA
Preformed Line Products, rating, Fairly Valued, Industrials, NO
NA
NA
NA
NA
NA
NA
NA
NA
NA
NA
NA
NA
NA
NA
NA
NA
NA
NA
NA
NA
NVE, rating, Modestly Overvalued, Technology, NO
Bluelinx, rating, Significantly Overvalued, Industrials, NO
NA
NA
NA
NA
NA
NA
NA
NA
NA
NA
NA
Virtus AllianzGI Diversified Income & Convertible Fund, rating, UNK, Financial Services, NO
NA
NA
NA
NA
China Fund, rating, UNK, Financial Services, NO
NA
NA
NA
NA
Mix Telematics, rating, Modestly Undervalued, Technology, NO
NA
NA
NA
NA
NA
NA
NA
NA
NA
NA
NA
Infrastructure and Energy Alternatives, rating, UNK, Industrials, 2021-03-09
NA
Acacia Research, rating, Significantly Overvalued, Industrials, 2021-03-10
NA
failed to do this stock but will do next
NA
NA
NA
NA
NA
NA
NA
NA
NA
NA
NA
NA
NA
failed to do this stock but will do next
NA
NA
Templeton Emerging Markets Fund, rating, UNK, Financial Services, NO
NA
NA
NA
NA
NA
NA
IRSA Propiedades Comerciales (Preferred), rating, Significantly Overvalued, Real Estate, NO
NA
NA
NA
NA
NA
NA
Gladstone Capital, rating, UNK, Financial Services, NO
NA
NA
NA
failed to do this stock but will do next
NA
NA
NA
NA
NA
NA
NA
NA
BlackRock MuniYield Quality Fund II, rating, UNK, Financial Services, NO
NA
NA
NA
NA
NA
NA
NA
NA
NA
NA
NA
NA
NA
NA
NA
NA
NA
NA
NA
NA
NA
NA
NA
G. Willi-Food, rating, Significantly Overvalued, Consumer Defensive, NO
NA
NA
NA
NA
NA
NA
NA
NA
NA
NA
NA
NA
NA
NA
NA
NA
NA
NA
NA
NA
BlackRock MuniHoldings Quality Fund II, rating, UNK, Financial Services, NO
NA
NA
NA
NA
NA
NA
NA
Aviat Networks, rating, Significantly Overvalued, Technology, NO
NA
NA
NA
NA
NA
NA
NA
NA
NA
NA
NA
NA
NA
NA
NA
NA
NA
NA
NA
NA
NA
NA
NA
NA
NA
NA
NA
NA
NA
NA
NA
NA
NA
NA
NA
NA
NA
NA
NA
NA
NA
NA
NA
NA
NA
NA
NA
failed to do this stock but will do next
NA
failed to do this stock but will do next
NA
NA
NA
failed to do this stock but will do next
NA
NA
Big 5 Sporting Goods, rating, Significantly Overvalued, Consumer Cyclical, NO
NA
NA
NA
NA
NA
NA
NA
NA
NA
NA
NA
NA
NA
NA
NA
NA
NA
NA
NA
NA
failed to do this stock but will do next
NA
Future FinTech, rating, UNK, Technology, 2021-03-08
NA
Nuveen California Municipal Value Fund, rating, UNK, Financial Services, NO
NA
NA
NA
NA
NA
NA
NA
NA
NA
NA
NA
NA
NA
NA
NA
NA
NA
NA
NA
NA
NA
NA
NA
NA
NA
NA
Nuveen Select Tax-Free Income Portfolio, rating, UNK, Financial Services, NO
NA
Nuveen Select Tax-Free Income Portfolio 2, rating, UNK, Financial Services, NO
NA
NA
NA
NA
NA
NA
NA
NA
NA
NA
NA
NA
NA
NA
NA
NA
NA
NA
NA
NA
NA
NA
NA
NA
NA
NA
NA
NA
NA
NA
NA
NA
NA
NA
NA
NA
NA
NA
NA
NA
NA
NA
NA
NA
NA
NA
NA
NA
Western Asset Municipal Defined Opportunity Trust, rating, Fairly Valued, Financial Services, NO
NA
Saratoga Investment, rating, Modestly Undervalued, Financial Services, NO
Saratoga Investment Corp. 6.25% Notes due 2025, rating, UNK, sector, NO
NA
NA
NA
NA
Horizon Technology Finance, rating, Significantly Overvalued, Financial Services, NO
NA
NA
NA
NA
NA
NA
NA
NA
NA
NA
NA
NA
NA
NA
NA
NA
NA
NA
NA
NA
NA
NA
NA
NA
NA
NA
NA
Suro Capital, rating, UNK, Financial Services, 2021-03-10
NA
Blue Ridge Bank, rating, UNK, Financial Services, NO
NA
NA
NA
NA
failed to do this stock but will do next
NA
NA
NA
NA
NA
NA
NA
NA
NA
NA
NA
NA
NA
NA
Golar LNG, 0%, Possible Value Trap Think Twice, Energy, NO
NA
NA
NA
NA
NA
SLR Senior Investment, rating, UNK, Financial Services, NO
NA
NA
NA
NA
NA
NA
NA
NA
NA
NA
NA
NA
NA
NA
Grupo Supervielle, 0%, Modestly Undervalued, Financial Services, NO
NA
NA
NA
Hamilton Beach, rating, Modestly Undervalued, Technology, NO
NA
NA
Galiano Gold, 57%, Modestly Overvalued, Basic Materials, NO
NA
NA
NA
NA
NA
NA
NA
NA
NA
NA
NA
NA
NA
NA
NA
Lakeland Industries, rating, Significantly Overvalued, Consumer Cyclical, NO
NA
NA
failed to do this stock but will do next
NA
NA
NA
NA
NA
NA
NA
NA
NA
NA
NA
NA
NA
NA
NA
NA
NA
NA
NA
NA
NA
NA
NA
NA
NA
NA
NA
NA
NA
IRSA Propiedades Comerciales, rating, Modestly Overvalued, Industrials, NO
NA
NA
NA
NA
NA
NA
NA
NA
NA
NA
Genasys, rating, Significantly Overvalued, Technology, NO
NA
NA
NA
NA
NA
NA
NA
NA
NA
NA
NA
NA
NA
Cresud, rating, Significantly Overvalued, Industrials, NO
NA
NA
NA
NA
NA
NA
NA
NA
NA
NA
NA
NA
NA
NA
NA
NA
NA
NA
NA
NA
NA
NA
NA
NA
NA
NA
NA
NA
NA
NA
NA
NA
NA
NA
NA
NA
NA
NA
NA
NA
NA
NA
NA
NA
NA
NA
NA
NA
NA
NA
NA
NA
MFO, rating, UNK, sector, NO
NA
NA
NA
NA
NA
NA
NA
NA
NA
NA
NA
NA
Voyager Therapeutics, 23%, Possible Value Trap Think Twice, Healthcare, NO
NA
NA
NA
NA
NA
NA
NA
NA
NA
NA
NA
NA
NA
NA
NA
NA
NA
NA
NA
NA
NA
NA
NA
NA
NA
NA
NA
NA
NA
NA
NA
Jiayin Group, rating, UNK, Communication Services, NO
NA
NA
NA
NA
NA
NA
NA
NA
NA
NA
NA
NA
NA
NA
NA
NA
NA
A-Mark, rating, Significantly Overvalued, Financial Services, NO
NA
NA
NA
NA
NA
NA
NA
NA
NA
NA
NA
NA
NA
NA
NA
NA
NA
NA
NA
NA
NA
NA
NA
NA
NA
NA
Five Star Senior Living, rating, Significantly Overvalued, Healthcare, NO
NA
NA
NA
NA
NA
NA
NA
NA
NA
NA
NA
NA
NA
NA
NA
NA
O2Micro, rating, Significantly Overvalued, Technology, NO
NA
NA
NA
NA
NA
NA
NA
NA
NA
STRATTEC SECURITY, rating, Significantly Overvalued, Consumer Cyclical, NO
NA
NA
NA
NA
NA
NA
NA
NA
Nuveen Intermediate Duration Quality Municipal Term Fund, rating, UNK, Financial Services, NO
BlackRock MuniYield Investment Fund, rating, UNK, Financial Services, NO
NA
NA
NA
NA
NA
NA
NA
NA
NA
NA
NA
NA
NA
NA
NA
NA
NA
NA
NA
NA
NA
NA
NA
NA
NA
NA
NA
NA
NA
NA
NA
NA
NA
NA
NA
NA
NA
NA
NA
NA
NA
Lazydays Holdings, rating, UNK, Consumer Cyclical, NO
NA
NA
NA
NA
Xinyuan Real Estate, rating, Possible Value Trap Think Twice, Real Estate, NO
NA
NA
NA
NA
NA
NA
NA
NA
NA
NA
NA
NA
NA
NA
NA
NA
NA
NA
NA
NA
NA
NA
Ellsworth Growth & Income Fund, rating, Possible Value Trap Think Twice, Financial Services, NO
NA
NA
NA
NA
NA
NA
NA
NA
NA
NA
NA
NA
Tsakos Energy Navigation, rating, Possible Value Trap Think Twice, Energy, NO
NA
NA
NA
NA
NA
Orion Group, rating, Modestly Overvalued, Industrials, NO
NA
NA
NA
NA
NA
NA
NA
NA
NA
NA
NA
NA
NA
NA
NA
NA
NA
NA
NA
Caledonia Mining, rating, Significantly Overvalued, Basic Materials, NO
NA
NA
NA
Alpha Pro Tech, rating, Significantly Overvalued, Industrials, NO
BlackRock MuniHoldings Quality Fund, rating, UNK, Financial Services, NO
NA
NA
NA
Seanergy, rating, Modestly Overvalued, Industrials, NO
NA
NA
NA
NA
NA
NA
NA
NA
NA
NA
NA
NA
NA
NA
NA
NA
NA
NA
NA
NA
NA
NA
NA
NA
NA
NA
NA
NA
NA
NA
NA
NA
NA
NA
NA
NACCO, rating, Possible Value Trap Think Twice, Energy, NO
NA
NA
NA
NA
NA
NA
Qilian, rating, UNK, Healthcare, NO
NA
NA
NA
NA
NA
NA
NA
NA
NA
NA
NA
NA
NA
NA
NA
NA
NA
NA
NA
Bancroft Fund, rating, Fairly Valued, Financial Services, NO
NA
NA
NA
NA
NA
NA
NA
NA
NA
NA
NA
NA
NA
NA
NA
NA
NA
NA
NA
NA
NA
NA
NA
NA
NA
NA
NA
NA
NA
NA
NA
NA
NA
NA
NA
NA
NA
NA
NA
NA
NA
NA
NA
NA
NA
NA
NA
NA
NA
NA
NA
NA
NA
NA
NA
NA
NA
NA
NA
NA
NA
NA
NA
NA
NA
NA
NA
NA
NA
NA
NA
NA
NA
NA
NA
NA
NA
NA
NA
NA
NA
NA
NA
NA
NA
NA
NA
NA
NA
NA
NA
NA
NA
NA
NA
NA
NA
NA
NA
NA
NA
NA
NA
NA
NA
NA
NA
NA
Bridgford Foods, rating, Modestly Undervalued, Consumer Defensive, NO
NA
NA
NA
failed to do this stock but will do next
NA
NA
NA
NA
NA
NA
NA
NA
NA
NA
NA
NA
NA
StoneCastle Financial, rating, UNK, Financial Services, NO
NA
NA
NA
NA
NA
NA
NA
NA
NA
NA
NA
NA
NA
NA
NA
NA
NA
NA
NA
NA
NA
NA
NA
NA
NA
NA
NA
NA
NA
NA
NA
NA
IEC Electronics, rating, Significantly Overvalued, Technology, NO
NA
NA
NA
NA
NA
NA
NA
NA
NA
NA
NA
NA
NA
NA
NA
NA
NA
NA
NA
NA
NA
NA
NA
NA
failed to do this stock but will do next
NA
NA
NA
Ampco, rating, Significantly Overvalued, Industrials, NO
NA
NA
NA
NA
NA
NA
NA
BrightSphere Investment, rating, UNK, sector, NO
NA
NA
NA
NA
NA
Smart Sand, rating, Significantly Overvalued, Energy, NO
NA
NA
NA
DLH, rating, Modestly Overvalued, Industrials, NO
NA
NA
NA
NA
NA
NA
NA
NA
NA
NA
NA
NA
NA
Liminal BioSciences, rating, UNK, Healthcare, NO
NA
NA
NA
NA
NA
Phoenix New Media, rating, Possible Value Trap Think Twice, Communication Services, NO
NA
NA
NA
failed to do this stock but will do next
NA
NA
NA
NA
NA
NA
NA
NA
NA
NA
NA
Greenland Technologies, rating, UNK, Industrials, NO
NA
NA
NA
NA
Lixiang Education, rating, UNK, Consumer Defensive, NO
NA
NA
NA
NA
NA
NA
NA
NA
NA
NA
NA
NA
NA
NA
NA
NA
NA
NA
NA
NA
Limbach, rating, Significantly Overvalued, Industrials, NO
NA
NA
NA
NA
NA
NA
NA
NA
NA
NA
NA
NA
NA
NA
NA
NA
NA
NA
NA
NA
NA
NA
NA
NA
NA
NA
NA
NA
NA
NA
NA
Delcath Systems, rating, UNK, Healthcare, NO
NA
NA
NA
NA
NA
NA
NA
Heritage Global, rating, Significantly Overvalued, Financial Services, 2021-03-08
NA
NA
Innovative Solutions and Support, rating, Fairly Valued, Industrials, NO
NA
NA
failed to do this stock but will do next
NA
NA
NA
Can-Fite BioPharma, rating, Significantly Overvalued, Healthcare, NO
NA
NA
NA
NA
NA
Ultralife, rating, Significantly Undervalued, Industrials, NO
NA
NA
NA
NA
NA
NA
NA
NA
failed to do this stock but will do next
Magal Security Systems, rating, Modestly Overvalued, Industrials, NO
NA
NA
NA
NA
NA
NA
NA
NA
NA
NA
NA
NA
NA
NA
NA
NA
NA
NA
NA
NA
NA
NA
NA
NA
NA
NA
NA
NA
NA
NA
NA
NA
NA
NA
NA
NA
NA
NA
NA
NA
NA
NA
NA
NA
NA
NA
NA
US Global Investors, rating, Significantly Overvalued, Financial Services, NO
NA
NA
NA
NA
Consumer Portfolio Services, rating, Significantly Overvalued, Financial Services, NO
NA
HMN Financial, rating, Modestly Undervalued, Financial Services, NO
NA
NA
failed to do this stock but will do next
NA
NA
NA
NA
NA
NA
failed to do this stock but will do next
NA
NA
NA
NA
NA
NA
NA
NA
NA
NA
NA
NA
NA
NA
NA
NA
NA
NA
NA
NA
NA
NA
NA
NA
NA
NA
NA
Natural Alternatives International, rating, Modestly Overvalued, Consumer Defensive, NO
NA
NA
NA
Pro-Dex, rating, Fairly Valued, Healthcare, NO
NA
NA
NA
NA
NA
NA
NA
American River Bank, rating, Modestly Undervalued, Financial Services, NO
NA
NA
NA
NA
NA
NA
NA
NA
NA
NA
NA
Lake Shore Savings Bank, rating, Modestly Undervalued, Financial Services, NO
NA
NA
NA
NA
NA
NA
NA
NA
NA
ARC, rating, Significantly Overvalued, Industrials, NO
Key Tronic, rating, Modestly Overvalued, Technology, NO
NA
NA
NA
NA
NA
NA
NA
NA
NA
NA
NA
NA
Perma-Fix Environmental Services, rating, Modestly Undervalued, Industrials, NO
NA
NA
NA
NA
NA
NA
NA
NA
NA
NA
NA
NA
CLPS Incorporation, rating, UNK, Technology, NO
NA
NA
Pingtan Marine Enterprise, rating, Possible Value Trap Think Twice, Consumer Defensive, NO
NA
NA
NA
NA
NA
NA
NA
NA
NA
NA
NA
NA
United Bank, rating, Significantly Undervalued, Financial Services, NO
NA
NA
NA
NA
NA
NA
NA
NA
NA
NA
NA
NA
NA
NA
NA
NA
NA
NA
Eaton Vance New York Municipal Income Trust, rating, UNK, Financial Services, NO
NA
NA
NA
NA
NA
NA
NA
Coda Octopus, rating, Possible Value Trap Think Twice, Industrials, NO
NA
NA
NA
NA
NA
NA
NA
NA
NA
NA
NA
NA
NA
NA
NA
NA
NA
NA
NA
NA
NA
NA
NA
NA
NA
NA
NA
NA
NA
NA
NA
NA
NA
NA
NA
NA
TOMI Environmental Solutions, rating, Modestly Overvalued, Industrials, NO
Sypris Solutions, rating, Significantly Overvalued, Consumer Cyclical, NO
NA
NA
failed to do this stock but will do next
NA
NA
NA
NA
NA
NA
NA
NA
NA
NA
NA
NA
NA
NA
NA
NA
NA
BlackRock MuniYield Arizona Fund, rating, UNK, Financial Services, NO
NA
NA
NA
NA
NA
NA
NA
NA
NA
NA
NA
NA
United-Guardian, rating, Modestly Undervalued, Consumer Defensive, NO
Trinity Place, rating, Significantly Overvalued, Real Estate, NO
NA
NA
NA
NA
NA
NA
NA
NA
Oriental Culture, rating, UNK, Consumer Cyclical, NO
NA
NA
AmeriServ Financial, rating, Modestly Undervalued, Financial Services, NO
NA
NA
NA
NA
NA
NA
NA
NA
NA
NA
NA
NA
NA
NA
NA
NA
NA
NA
NA
NA
NA
NA
NA
NA
NA
NA
NA
NA
NA
NA
NA
NA
NA
NA
NA
Mind CTI, rating, Fairly Valued, Technology, NO
NA
NA
NA
NA
NA
NA
NA
NA
NA
NA
NA
NA
NA
NA
NA
NA
NA
NA
NA
NA
NA
NA
NA
NA
NA
NA
NA
NA
NA
NA
NA
NA
NA
NA
NA
NA
NA
NA
NA
NA
NA
NA
NA
Lion Group, rating, UNK, Financial Services, NO
NA
NA
NA
NA
NA
NA
NA
NA
NA
NA
NA
NA
NA
NA
NA
NA
NA
NA
NA
NA
NA
NA
NA
NA
Elmira Savings Bank, rating, Fairly Valued, Financial Services, NO
Manhattan Bridge Capital, rating, Modestly Undervalued, Real Estate, NO
NA
NA
NA
NA
Nuveen California Municipal Value Fund 2, rating, Possible Value Trap Think Twice, Financial Services, NO
NA
NA
NA
NA
NA
NA
NA
Acorda Therapeutics, rating, Modestly Overvalued, Healthcare, NO
NA
NA
NA
NA
NA
NA
Happiness Biotech, rating, UNK, Healthcare, NO
NA
NA
NA
NA
NA
NA
NA
NA
Dixie Group, rating, Significantly Overvalued, Consumer Cyclical, NO
NA
Euroseas, rating, Significantly Overvalued, Industrials, NO
NA
NA
NA
NA
NA
Flexible Solutions International, rating, Modestly Overvalued, Basic Materials, NO
NA
NA
NA
NA
NA
NA
NA
NA
NA
NA
NA
NA
Tremont Mortgage Trust, rating, UNK, Real Estate, NO
NA
NA
NA
NA
NA
NA
NA
NA
NA
NA
NA
NA
NA
NA
NA
NA
NA
NA
NA
NA
NA
NA
NA
NA
NA
NA
NA
NA
NA
NA
NA
Rand Capital, rating, UNK, Financial Services, 2021-03-08
NA
NA
NA
Zhongchao, rating, UNK, Healthcare, NO
NA
NA
NA
NA
Comstock Holding, rating, Significantly Overvalued, Real Estate, NO
NA
NA
NA
NA
NA
NA
NA
NA
NA
NA
NA
NA
NA
NA
NA
NA
NA
Willamette Valley Vineyards, rating, Fairly Valued, Consumer Defensive, NO
NA
China HGS Real Estate, rating, Significantly Overvalued, Real Estate, NO
NA
NA
NA
NA
Taylor Devices, rating, Modestly Overvalued, Industrials, NO
NA
NA
NA
Newater Technology, rating, UNK, Industrials, NO
NA
NA
NA
NA
NA
NA
NA
NA
NA
NA
NA
NA
NA
NA
NA
NA
NA
NA
NA
NA
NA
NA
NA
NA
NA
NA
NA
NA
NA
NA
North European Oil Royalty Trust, rating, Significantly Overvalued, Energy, NO
NA
NA
NA
NA
NA
NA
NA
NA
NA
NA
NA
NA
NA
NA
NA
NA
NA
NA
NA
Summer Infant, rating, Significantly Overvalued, Consumer Defensive, NO
Planet Green Holdings, rating, Significantly Overvalued, Consumer Defensive, NO
NA
NA
NA
Fuwei Films, rating, Significantly Overvalued, Consumer Cyclical, NO
NA
NA
NA
NA
NA
NA
Ossen Innovation, rating, Significantly Overvalued, Basic Materials, NO
NA
NA
NA
NA
NA
NA
NA
NA
NA
NA
NA
NA
NA
NA
NA
NA
NA
NA
NA
NA
NA
NA
NA
NA
NA
NA
NA
NA
NA
NA
NA
NA
NA
NA
NA
NA
NA
NA
NA
NA
NA
NA
NA
NA
NA
NA
NA
NA
NA
NA
NA
NA
NA
NA
NA
Integrated Media Technology, rating, UNK, Technology, NO
NA
NA
GEE Group, rating, Significantly Overvalued, Industrials, NO
NA
NA
Image Sensing Systems, rating, Fairly Valued, Technology, 2021-03-10
NA
Dunxin Financial, rating, Modestly Overvalued, Financial Services, NO
NA
NA
NA
NA
Farmmi, rating, UNK, Consumer Defensive, NO
NA
NA
Eltek, rating, Significantly Overvalued, Technology, NO
New Concept Energy, rating, Significantly Overvalued, Energy, NO
NA
NA
NA
NA
NA
NA
Cyanotech, rating, Modestly Overvalued, Consumer Defensive, NO
NA
NA
NA
NA
NA
NA
China Recycling Energy, rating, Significantly Overvalued, Utilities, NO
NA
China Liberal Education, rating, UNK, Consumer Defensive, NO
NA
Nortech Systems, rating, Significantly Overvalued, Technology, NO
NA
NA
NA
NA
NA
NA
NA
NA
NA
NA
NA
NA
NA
NA
NA
NA
NA
Trio-Tech International, rating, Significantly Overvalued, Technology, NO
NA
NA
NA
NA
NA
NA
NA
NA
NA
NA
NA
NA
NA
NA
NA
NA
NA
NA
NA
NA
NA
NA
NA
NA
Euro Tech, rating, Significantly Overvalued, Industrials, NO
NA
NA
NA
NA
NA
NA
NA
NA
Highway Holdings, rating, Significantly Overvalued, Industrials, NO
NA
NA
NA
NA
NA
NA
NA
NA
NA
NA
NA
NA
SunLink Health Systems, rating, Modestly Overvalued, Healthcare, NO
NA
NA
NA
NA
NA
NA
NA
NA
NA
Mesa Royalty Trust, rating, Fairly Valued, Energy, NO
NA
NA
NA
NA
NA
GSH, rating, UNK, sector, NO
NA
NA
NA
failed to do this stock but will do next
NA
NA
NA
NA
NA
NA
NA
NA
NA
NA
NA
NA
